id,url,text,createdAt,retweetCount,replyCount,likeCount,quoteCount,isRetweet,isQuote,Traffic_Reason,Mumbai_Region
2068210048673997133,https://x.com/MTPHereToHelp/status/2068210048673997133,"मिक्सरच्या बिघाडामुळे सायन हॉस्पिटलसमोर 60 फूट रोड (माहीम) येथे उत्तरेकडे जाणारी वाहतूक संथ गतीने सुरू आहे.
Traffic Movement Is Slow At 60 Feet Road Opp. Sion Hospital (Mahim) North Bound Due To Mixer Breakdown.
 #MTPTrafficUpdate",Sat Jun 20 05:51:15 +0000 2026,0,0,0,0,False,False,Vehicle Breakdown,Eastern Suburbs (EEH Axis)
2068199045181649373,https://x.com/MTPHereToHelp/status/2068199045181649373,वाहतूक सुरळीत सुरू झाली आहे.  Now Traffic Is Clear       #MTPTrafficUpdate,Sat Jun 20 05:07:32 +0000 2026,0,0,0,0,False,False,Traffic Cleared / Normal,Other Landmark
2068193514849251817,https://x.com/MTPHereToHelp/status/2068193514849251817,"गोवंडी पूर्व येथील ना. ग. आचार्य मार्ग संपूर्ण सिमेंट काँक्रिटचा बनवला आहे, लिज्जत पापड कंपनीसमोरील आरे दुग्ध केंद्राजवळ हा रस्त्याचा पट्टा डांबरी का बनवला ? येथे सिमेंट काँक्रिटचा रस्ता का बनवला नाही?@mybmc @MTPHereToHelp @CMOMaharashtra @MahaDGIPR @CollectorMumSub @mybmcWardME https://t.co/dmSLcSBgf7",Sat Jun 20 04:45:33 +0000 2026,0,2,0,0,False,False,General Traffic Alert,Other Landmark
2068193409903525888,https://x.com/MTPHereToHelp/status/2068193409903525888,"There is broken bmc dranage cover, it may harmful for walking people, location Chakala junction, near sai place hotel and reyansh clinic,andheri east please change asap @mybmc @MTPHereToHelp @CPMumbaiPolice https://t.co/5QoptJhlqx",Sat Jun 20 04:45:08 +0000 2026,0,2,0,0,False,False,General Traffic Alert,Western Suburbs (WEH Axis)
2068183025024987231,https://x.com/MTPHereToHelp/status/2068183025024987231,"“MG Road, Shakar Theatre 400089
Corner, near Tilak Nagar Circle, half the road is blocked by dumpers. Please have the local administration pay attention, there is a risk of accidents.”

@MumbaiPolice @MTPHereToHelp https://t.co/yMqATemXg0",Sat Jun 20 04:03:52 +0000 2026,0,1,0,0,False,False,Vehicle Breakdown,Other Landmark
2068182301230711128,https://x.com/MTPHereToHelp/status/2068182301230711128,"Example of Lack of Civic sense ..people parking their vehicles senselessly 
@MTPHereToHelp - can we take action please.. https://t.co/WxSBVnLvO0",Sat Jun 20 04:01:00 +0000 2026,0,1,0,0,False,False,General Traffic Alert,Other Landmark
2068179843603374272,https://x.com/MTPHereToHelp/status/2068179843603374272,"शिवडी गाडी अड्डा हाजी बंदर रोड या ठिकाणी रोडवर गाडी लावली आहे 
गाडी लावल्यामुळे ट्रॅफिक होत आहे 
त्यामुळे ये येणाऱ्या जाणारा नागरिकांना त्रास होत आहे आपल्याला विनंती आहे याबद्दल नोंद घ्यावी 
@MTPHereToHelp https://t.co/Tiaf9WWKdA",Sat Jun 20 03:51:14 +0000 2026,0,1,0,0,False,False,General Traffic Alert,Other Landmark
2068174322754334926,https://x.com/MTPHereToHelp/status/2068174322754334926,"बलकर ट्रकच्या बिघाडामुळे प्रवासी जंक्शन लिंक रोड (जोगेश्वरी) येथे दक्षिणेकडे जाणारी वाहतूक संथ गतीने सुरू आहे.
Traffic Movement Is Slow At Pravasi Junction Link Road (Jogeshwari) South Bound Due To Bulker Truck Breakdown.
 #MTPTrafficUpdate",Sat Jun 20 03:29:18 +0000 2026,0,0,2,0,False,False,Vehicle Breakdown,Western Suburbs (WEH Axis)
2068060844148318621,https://x.com/MTPHereToHelp/status/2068060844148318621,"Club Shiloh has once again started encroaching on the footpath on New Link Road, beyond the Lower Oshiwara Metro station and opposite City Mall. @MTPHereToHelp @MumbaiPolice @CPMumbaiPolice 
Date 20/06/2026
Time 01:23:18 AM https://t.co/TyQWGsKwha",Fri Jun 19 19:58:22 +0000 2026,15,4,19,0,False,False,General Traffic Alert,Other Landmark
2068058382821622123,https://x.com/MTPHereToHelp/status/2068058382821622123,I tweeted at 10:38 and now I am tweeting again at 1:10 Since my last tweet even more vehicles have started parking here. What is the @MTPHereToHelp doing Just look for yourself at the of traffic being caused by this club I request for @MumbaiPolice You take some action @AmboliPS https://t.co/nkrUNLaMKP,Fri Jun 19 19:48:35 +0000 2026,0,2,0,0,False,False,General Traffic Alert,Other Landmark
2068049138890248491,https://x.com/MTPHereToHelp/status/2068049138890248491,"दिवस ५ वा अद्याप कारवाई नाही....
मर्झबान रोड वरील एस्प्लेनेड हाऊस च्या मागील पे एण्ड पार्क ही नियमात येथील ठेकेदार करत नसल्याने संबंधित अधिकाऱ्यांकडून या ठेकेदारावर योग्य ती कारवाई झाली पाहिजे...
@AshwiniBhide 
@TawdeRitu 
@MTPHereToHelp https://t.co/kwTx2wnAb4",Fri Jun 19 19:11:51 +0000 2026,0,1,0,0,False,False,General Traffic Alert,Other Landmark
2068046037345042727,https://x.com/MTPHereToHelp/status/2068046037345042727,"MH 06 CA 8645
#Parked_on_footpath
Location - Outside HDFC bank, Dattaji Salvi Rd, Off Veera Desai Rd, Andheri W
GPS details are available in photo itself
@MTPHereToHelp @CPMumbaiPolice kindly take action https://t.co/IQ9jnspr9w",Fri Jun 19 18:59:32 +0000 2026,0,1,0,0,False,False,General Traffic Alert,Western Suburbs (WEH Axis)
2068044640528556514,https://x.com/MTPHereToHelp/status/2068044640528556514,"MH  02 FS 4108
#Parked_on_footpath
#rear_HSRP_replaced
#number_not_readable_on_rear_numberplate
Location - Outside Courtyard restaurant, Veera Desai Rd, Andheri W
GPS details are available in photo itself
@MTPHereToHelp @CPMumbaiPolice kindly take action https://t.co/One9VEaUw5",Fri Jun 19 18:53:59 +0000 2026,0,1,0,0,False,False,General Traffic Alert,Western Suburbs (WEH Axis)
2068043839923962064,https://x.com/MTPHereToHelp/status/2068043839923962064,"MH 02 GG 4108
#Parked_on_footpath
Location - Outside Courtyard Restaurant, Veera Desai Rd, Andheri W
GPS details are available in photo itself
@MTPHereToHelp @CPMumbaiPolice kindly take action https://t.co/tJ5aWmbT73",Fri Jun 19 18:50:48 +0000 2026,0,1,0,0,False,False,General Traffic Alert,Western Suburbs (WEH Axis)
2068042127662301247,https://x.com/MTPHereToHelp/status/2068042127662301247,"MH 02 GM 9022
#Parked_on_footpath
Location - Outside Courtyard Restaurant, Veera Desai Rd, Andheri W
GPS details are available in photo itself
@MTPHereToHelp @CPMumbaiPolice kindly take action https://t.co/GMiF7xnS1K",Fri Jun 19 18:44:00 +0000 2026,0,1,0,0,False,False,General Traffic Alert,Western Suburbs (WEH Axis)
2068040417925603372,https://x.com/MTPHereToHelp/status/2068040417925603372,"MH 47 BJ 9586
#Parked_on_footpath
#No_rear_numberplate
Location - outside Noble Plus Chemist, Nr. Krishna Temple, Veera Desai Rd, Andheri W
GPS details are available in photo itself
@MTPHereToHelp @CPMumbaiPolice kindly take action https://t.co/bDj5Zng4wL",Fri Jun 19 18:37:12 +0000 2026,0,1,0,0,False,False,General Traffic Alert,Western Suburbs (WEH Axis)
2068039752927092889,https://x.com/MTPHereToHelp/status/2068039752927092889,"Took me nearly 45-50mins to go from Nesco to cross Aarey Signal…
Since years the aarey signal is a nightmare why arent you guys rectifying jt?
@MTPHereToHelp",Fri Jun 19 18:34:34 +0000 2026,0,1,0,0,False,False,General Traffic Alert,Other Landmark
2068038883783438756,https://x.com/MTPHereToHelp/status/2068038883783438756,"MH 02 FR 2058
#Parked_in_front_of_bus_stop
Location - Shahaji Raje Sports complex bus stop, Veera Desai Rd, Andheri W
GPS details are available in image itself
@MTPHereToHelp @CPMumbaiPolice kindly take action https://t.co/RMnNFz7Nqe",Fri Jun 19 18:31:06 +0000 2026,0,1,0,0,False,False,General Traffic Alert,Western Suburbs (WEH Axis)
2068037992581935470,https://x.com/MTPHereToHelp/status/2068037992581935470,"MH 02 GU 1747
#Parked_on_footpath
Location - Outside Baskin Robin outlet, Veera Desai Rd, Andheri W
GPS details are available in image itself
@MTPHereToHelp @CPMumbaiPolice kindly take action https://t.co/whMoG62BkV",Fri Jun 19 18:27:34 +0000 2026,0,1,0,0,False,False,General Traffic Alert,Western Suburbs (WEH Axis)
2068037410357964855,https://x.com/MTPHereToHelp/status/2068037410357964855,"MH 02 FS 7586
#Parked_on_footpath
Location - Outside Baskin Robin outlet, Veera Desai Rd, Andheri W
GPS details are available in image itself
@MTPHereToHelp @CPMumbaiPolice kindly take action https://t.co/yWQsLmgZbY",Fri Jun 19 18:25:15 +0000 2026,0,1,0,0,False,False,General Traffic Alert,Western Suburbs (WEH Axis)
2068036605072544228,https://x.com/MTPHereToHelp/status/2068036605072544228,"MH 47 BW 0137
#Parked_on_footpath
Location - Outside Baskin Robin outlet, Veera Desai Rd, Andheri W
GPS details are available in image itself
@MTPHereToHelp @CPMumbaiPolice kindly take action https://t.co/L2xhO1NlPr",Fri Jun 19 18:22:03 +0000 2026,0,2,3,0,False,False,General Traffic Alert,Western Suburbs (WEH Axis)
2068035822218363023,https://x.com/MTPHereToHelp/status/2068035822218363023,"What is the @MTPHereToHelp doing? This has become a daily occurrence for these people from Wednesday to Sunday, the local public has to face problems because of them. Why should the locals have to suffer because of these club owners why?@MumbaiPolice @AmboliPS @PratapSarnaik https://t.co/JcG56OfMNJ",Fri Jun 19 18:18:56 +0000 2026,9,4,11,0,False,False,General Traffic Alert,Other Landmark
2068035220138598518,https://x.com/MTPHereToHelp/status/2068035220138598518,"MH 48 CU 5113
#Parked_on_footpath
Location - Outside Garden Court Restaurant, Veera Desai Rd, Andheri W
GPS details are available in image itself
@MTPHereToHelp @CPMumbaiPolice kindly take action https://t.co/aTwIsViwoH",Fri Jun 19 18:16:33 +0000 2026,0,1,0,0,False,False,General Traffic Alert,Western Suburbs (WEH Axis)
2068027259227951466,https://x.com/MTPHereToHelp/status/2068027259227951466,"How long will these clubs continue to act arbitrarily and keep parking customers' vehicles on both sides of the service road? The general public is facing inconvenience, yet these clubs have no fear of the Mumbai Police. They claim to regularly deliver 'packages' to the RTO https://t.co/Jw1VfO41rO",Fri Jun 19 17:44:55 +0000 2026,5,4,11,1,False,False,General Traffic Alert,Other Landmark
2068012254726091094,https://x.com/MTPHereToHelp/status/2068012254726091094,"Three large tree branches have been lying on the road in Iraniwadi,Malad East,since tree-trimming work was carried out.Despite several days passing,they have still not been removed,ausing significant inconvenience to residents.With Muharram currently underway @mybmcWardPS @mybmc https://t.co/LD1LYc2ZzR",Fri Jun 19 16:45:17 +0000 2026,0,1,0,0,False,False,General Traffic Alert,Western Suburbs (WEH Axis)
2068006465860956323,https://x.com/MTPHereToHelp/status/2068006465860956323,"Hello @MTPHereToHelp Mr MH02FN4777 is busy using his phone at 19.1246233, 72.8306346

Cosmopolitan Education Society Marg, New LIC Colony, D.N.Nagar, Andheri West, Mumbai, Maharashtra 400053 https://t.co/hKnS1eTLJV",Fri Jun 19 16:22:17 +0000 2026,0,1,2,0,False,False,General Traffic Alert,Western Suburbs (WEH Axis)
2068005882835923260,https://x.com/MTPHereToHelp/status/2068005882835923260,Today morning at around 10 am this car ran over this ladies leg she is hospitalised at bhabha hospital this occurred near road no 10 Almeida park outside Zakaria house gate 400050. Please treat this as urgent https://t.co/nKcdGLOSuu,Fri Jun 19 16:19:58 +0000 2026,0,1,1,0,False,False,General Traffic Alert,Other Landmark
2067998140897321440,https://x.com/MTPHereToHelp/status/2067998140897321440,बोरिवली पश्चिमच्या चांदवरकर रोडवरील SP Mukherje  garden  पदपथावर अतिक्रमण करून एक बेकायदेशीर शेड बांधण्यात आले आहे. एमसीजीएमने कोणती परवानगी दिली आहे? हा पदपथ पादचाऱ्यांसाठी चालण्याकरिता आहे की व्यवसाय करण्यासाठी? @mybmcWardRC  @AshwiniBhide  @CMOMaharashtra  @SanjayRupadhyay https://t.co/YMYJcgvAV7,Fri Jun 19 15:49:12 +0000 2026,0,2,0,0,False,False,General Traffic Alert,Other Landmark
2067996521644335271,https://x.com/MTPHereToHelp/status/2067996521644335271,"Right outside Sangeeta apt, 2 vehicles parked almost in d middle of d road, obstructing passing vehicles + pedestrians path. Despite the NO PARKING board. @mybmcwardKW @MTPHereToHelp please intervene, this has become a nuisance for residents around. Off Yari Road. Dr Chopra Marg. https://t.co/5dBgOkSqGg",Fri Jun 19 15:42:46 +0000 2026,0,1,0,0,False,False,General Traffic Alert,Other Landmark
2067996292945727685,https://x.com/MTPHereToHelp/status/2067996292945727685,"There is something wrong with the signal near hub mall Goregaon, it stays red for 120 seconds but stays Green for less than 30 seconds, can you please check, this is causing major traffic to go from Goregaon to Malad

@MTPHereToHelp",Fri Jun 19 15:41:52 +0000 2026,0,1,1,0,False,False,General Traffic Alert,Western Suburbs (WEH Axis)
2067995391241621887,https://x.com/MTPHereToHelp/status/2067995391241621887,"This is the condition just outside NM JOSHI MARG Police station. This is a disaster waiting to happen. What have we learnt from our past mistakes Mumbai Police? Narrow road below lower parel mono rail, currey road bridge gets clogged, footpath occupied by illegal parking https://t.co/lbpmmqzG3L",Fri Jun 19 15:38:17 +0000 2026,0,2,0,0,False,False,General Traffic Alert,South Mumbai
2067985837728633191,https://x.com/MTPHereToHelp/status/2067985837728633191,"मर्झबान रोड वरील एस्प्लेनेड हाऊस च्या मागील पे एण्ड पार्क ठेकेदार नियमाचे   करत नसल्याने संबंधित अधिकाऱ्यांकडून पोलीस कडून ठेकेदारावर योग्य ती कारवाई करण्यात यावी
@ashwinijoshi   @AshwiniBhide @mybmc @CPMumbaiPolice @MumbaiPolice @mybmcWardA @MTPHereToHelp @AzadMaidanPS https://t.co/lufjNBavuA",Fri Jun 19 15:00:19 +0000 2026,0,2,0,0,False,False,General Traffic Alert,Other Landmark
2067982138432172279,https://x.com/MTPHereToHelp/status/2067982138432172279,"A lot of vehicles have jammed and parked illegally on the  road outside railway ground gate which is inside the central railway colony and opposite RPF booth, Parel east. Please get the vehicles removed and fine them as these are outside vehicles @MTPHereToHelp @CPMumbaiPolice",Fri Jun 19 14:45:37 +0000 2026,0,1,1,0,False,False,General Congestion,South Mumbai
2067975737152553190,https://x.com/MTPHereToHelp/status/2067975737152553190,Dear @MTPHereToHelp Aarey signal on WEH below flyover is messed up with traffic in all 4 directions... pls help,Fri Jun 19 14:20:11 +0000 2026,0,1,1,0,False,False,General Traffic Alert,Western Suburbs (WEH Axis)
2067975155243266341,https://x.com/MTPHereToHelp/status/2067975155243266341,"HANS VTOL, our hybrid UAV that combines the vertical take-off flexibility of a quadcopter with the long-range efficiency of a fixed-wing aircraft. With no runway required, the possibilities for mission deployment are limitless.",Fri Jun 19 14:17:52 +0000 2026,14,4,95,0,False,False,General Traffic Alert,Eastern Suburbs (EEH Axis)
2067974685695053929,https://x.com/MTPHereToHelp/status/2067974685695053929,"हटाओ भैया 🙏

आज एका “भैया” टॅक्सी ड्रायव्हरने एका मैत्रिणीला चुकीच्या ठिकाणी नेऊन मध्येच उतरायला सांगितले. पुढे जाण्यास नकार देऊन दादागिरी केली. त्याच्या सोईने उतरवले.फोटो जोडला आहे. कृपया कारवाई करावी.

@mnsadhikrut @MTPHereToHelp @MumbaiPolice https://t.co/X2jshKSGkU",Fri Jun 19 14:16:00 +0000 2026,0,1,0,0,False,False,General Traffic Alert,Other Landmark
2067970977712177374,https://x.com/MTPHereToHelp/status/2067970977712177374,"🚦 वाहतूक नियंत्रण अधिसूचना | मुंब्रा 🚦
मुंब्रा रेल्वे स्टेशन ते शंकर मंदिर दरम्यान मुख्य रस्त्याच्या दोन्ही बाजूस वाहतूक कोंडी टाळण्यासाठी नो पार्किंग झोन लागू करण्यात आला आहे.
📍 अंतर : 1.1 कि.मी.
⏰ वेळ : सकाळी 6.00 ते रात्री 10.00
🗓️ 30 दिवस प्रायोगिक तत्त्वावर अंमलबजावणी https://t.co/31u6u4zlKU",Fri Jun 19 14:01:16 +0000 2026,1,2,4,0,False,False,General Traffic Alert,Other Landmark
2067962667084702190,https://x.com/MTPHereToHelp/status/2067962667084702190,"Illegal parking on bus stop by U2M restaurant two wheelers. OPP Garware office near Gokul Arcade Vile Parle East . Daily nuisance and problems for BUS commuters @MTPHereToHelp Vakola Division why action not taken 
@CMOMaharashtra @myBESTBus https://t.co/9HV1Fzaxwk",Fri Jun 19 13:28:15 +0000 2026,4,6,18,1,False,False,General Traffic Alert,Western Suburbs (WEH Axis)
2067956725836345726,https://x.com/MTPHereToHelp/status/2067956725836345726,Situation now @MTPHereToHelp 🙏🙏 https://t.co/eMVcAyi56J,Fri Jun 19 13:04:38 +0000 2026,0,1,0,0,False,True,General Traffic Alert,Other Landmark
2067945333133607106,https://x.com/MTPHereToHelp/status/2067945333133607106,Kemps Corner/ Nana Chowk Near Camp Wafers double Parked and obstructing traffic flow!!! @MTPHereToHelp @DGPMaharashtra https://t.co/665RD8qXfO,Fri Jun 19 12:19:22 +0000 2026,1,1,1,0,False,False,General Traffic Alert,Other Landmark
2067940023190822929,https://x.com/MTPHereToHelp/status/2067940023190822929,एल जे रोड शिवाजी पार्क मु १६ इथे कन्स्ट्रक्शन काम चालू आहे रस्त्यावर RCCमिक्सर लावून वाहतूक कोंडी करत आहे नागरिकांना वाहतूक करणे व पायी चालणं धोकादायक होत आहे इथे अपघात घडला तर जबाबदार कोण @mybmc @MTPHereToHelp @MumbaiPolice @AshwiniBhide @TawdeRitu @mpcb_official @CMOMaharashtra https://t.co/uO1xqSSyq5,Fri Jun 19 11:58:16 +0000 2026,0,1,1,0,False,False,General Traffic Alert,Other Landmark
2067937654809968830,https://x.com/MTPHereToHelp/status/2067937654809968830,"Echallan No. MUMCM26005053059 Fine:1500.00

These are the pictures in the challan. The car was parked in railway parking. All the cars are also parked nearby as can be seen in challan photo. There was no 'No Parking' sign. I raised grievance but it is rejected. Please reverse it. https://t.co/7Z2dXzwhFG",Fri Jun 19 11:48:51 +0000 2026,0,3,0,0,False,False,General Traffic Alert,Other Landmark
2067936812967031006,https://x.com/MTPHereToHelp/status/2067936812967031006,छत्रपती शिवाजी महाराज पार्क दादर मुं 28 बुलढाणा अर्बन बँकेच्या बाजूला कन्स्ट्रक्शन काम चालू आहे आतील खोदकामाची मातीचे ढिगारे सर्व रस्त्यावर पडले आहेत हा मार्ग वर्दळीचा असताना या चिखलावरून दुचाकी किंवा पायी चालणारा नागरिक घसरून पडून अपघात झाला तर जबाबदार कोण @mybmc @MumbaiPolice https://t.co/gQazVGJNqv,Fri Jun 19 11:45:31 +0000 2026,3,3,4,0,False,False,General Traffic Alert,Other Landmark
2067929982853431475,https://x.com/MTPHereToHelp/status/2067929982853431475,"Rs. 19650 Cr Navi Mumbai Airport Facing Water Leakage, months after opening. 
https://t.co/lK9qhyy4p7",Fri Jun 19 11:18:22 +0000 2026,155,112,927,25,False,False,General Traffic Alert,Extended Suburbs / Outskirts
2067928975951921316,https://x.com/MTPHereToHelp/status/2067928975951921316,"Standing in front of the NSE gate. Blocking the crossing of the two footpaths. How do you expect people to walk on the footpaths when cars are lined up blocking the two footpaths. 
Location- NSE Building opposite ICICI Bank at Bandra Kurla Complex
@MTPHereToHelp @MumbaiPolice https://t.co/kdrEM8As2r",Fri Jun 19 11:14:22 +0000 2026,1,2,0,0,False,False,General Traffic Alert,Western Suburbs (WEH Axis)
2067925880337526982,https://x.com/MTPHereToHelp/status/2067925880337526982,"साकीनाकत पोलिसांच्या समोर रिक्षावाले जास्त पैसे कमावण्यासाठी शेअरिंग ४ माणसे घेऊन जात जास्त पैसे आकारतात त्या मुळे सर्वसामान्य जनतेल रिक्षा मिळत नाही रिक्षा वाले भाड घेत नाही पोलिस ना विचारले असत पोलिस उत्तर देत नाही.
@PratapSarnaik @CMOMaharashtra @MumbaiPolice @MTPHereToHelp https://t.co/V57EfLHGMk",Fri Jun 19 11:02:04 +0000 2026,0,1,0,0,False,False,General Traffic Alert,Other Landmark
2067918632764768430,https://x.com/MTPHereToHelp/status/2067918632764768430,"The next step BMC Commissioner should take is to halt all approvals for new construction projects until we have a plan for water. Otherwise next year may be worse. 
Mumbai is on a construction spree that masquerades as ""transformation"" but is actually ""madness.""",Fri Jun 19 10:33:16 +0000 2026,97,55,564,9,False,True,Infrastructure / Road Work,Eastern Suburbs (EEH Axis)
2067916842568675807,https://x.com/MTPHereToHelp/status/2067916842568675807,Now inside #chhedanagar #chembur the residents are fed up of the #illegal parking issue in every nook and corner inside the colony that they have started to take action by pasting stickers on outsider vehicles to not park their vehicles inside the colony @MTPHereToHelp https://t.co/9o9gs3ewuG,Fri Jun 19 10:26:09 +0000 2026,0,1,1,0,False,True,General Traffic Alert,Eastern Suburbs (EEH Axis)
2067914692555870532,https://x.com/MTPHereToHelp/status/2067914692555870532,"कारच्या बिघाडामुळे J.V.L.R. पुल (जोगेश्वरी ) येथे उत्तरेकडे जाणारी वाहतूक संथ गतीने सुरू आहे.
Traffic Movement Is Slow At J.V.L.R. Bridge (Jogeshwari) North Bound Due To Car Breakdown.
 #MTPTrafficUpdate",Fri Jun 19 10:17:37 +0000 2026,0,1,10,0,False,False,Vehicle Breakdown,Western Suburbs (WEH Axis)
2067810906516685088,https://x.com/MTPHereToHelp/status/2067810906516685088,"BMC secured additional reserve water due to weak monsoon concerns and says Mumbai's current supply can last until August 17. ""Rising population and growing demand are putting pressure on water resources,"" BMC chief Ashwini Bhide said.

Commercial establishments face higher water https://t.co/9kgeHaJh8x",Fri Jun 19 03:25:12 +0000 2026,23,23,90,15,False,False,General Traffic Alert,Other Landmark
2067796663054541201,https://x.com/MTPHereToHelp/status/2067796663054541201,BEST bus strike Mumbai. Mulund depot this morning #BESTbusstrike https://t.co/Qobx6L0PpM,Fri Jun 19 02:28:36 +0000 2026,45,23,218,5,False,False,General Traffic Alert,Eastern Suburbs (EEH Axis)
2067657722313802188,https://x.com/MTPHereToHelp/status/2067657722313802188,"Mumbai Coastal Road promenade tiles near Breach Candy are falling apart

Request BMC Mumbai to get this repaired from Larsen Toubro as Project is under Defect Liability Period

.@mybmc .@AshwiniBhide 🙏 https://t.co/lpJXxFkvLK",Thu Jun 18 17:16:30 +0000 2026,188,62,1240,17,False,False,Infrastructure / Road Work,Other Landmark
2067609985555816914,https://x.com/MTPHereToHelp/status/2067609985555816914,"ILLEGAL PARKING OF TRUCKS, DUMPERS AND TEMPOS CAUSING TRAFFIC CHAOS

Ahead of McDonald's on Andheri–Ghatkopar Link Road near Sakinaka Nala, a large number of trucks, dumpers and tempos are being illegally parked on the roadside, creating a major obstruction to the free flow of https://t.co/A46YhNeKIv",Thu Jun 18 14:06:49 +0000 2026,4,2,18,2,False,False,Vehicle Breakdown,Western Suburbs (WEH Axis)
2067468662320288206,https://x.com/MTPHereToHelp/status/2067468662320288206,"वाहतूक कोंडी कमी करण्यासाठी रिव्हर्स लेन 
मुंबई पोलिसांनी नेहरू नगर पुल, चुनाभट्टी ते बीकेसी कनेक्टर मार्गावर सकाळी ८.०० ते १०.३० या वेळेत रिव्हर्स लेन सुरू केली आहे. यामुळे वाहतुकीचा प्रवाह सुधारून मुंबईकरांचा प्रवास अधिक जलद होत आहे.

#ReversingCongestion https://t.co/0yL3MhhN4y",Thu Jun 18 04:45:15 +0000 2026,10,5,33,2,False,False,General Congestion,Other Landmark
2067467272390889575,https://x.com/MTPHereToHelp/status/2067467272390889575,"A reverse lane to fast forward traffic.
Mumbai Traffic Police has operationalised a reverse lane from Nehru Nagar Bridge, Chunabhatti to the BKC Connector (8:00 AM–10:30 AM) to ease traffic flow.
Hear from Mumbaikars on how it’s helping them beat the rush.

#ReversingCongestion https://t.co/6cH153j9cr",Thu Jun 18 04:39:44 +0000 2026,18,34,96,6,False,False,General Congestion,BKC Business District
2067178414315061611,https://x.com/MTPHereToHelp/status/2067178414315061611,"How can a wheel chair pass this Boulders,no thought process - stopping bikes from parking on footpath does not require Boulders, it requires strict action by both @MTPHereToHelp &amp; @mybmcWardFN @mybmcInfra @mumbaimatterz @walkingproject @WadalaForum @richapintoi https://t.co/cS3AmmDMEC",Wed Jun 17 09:31:54 +0000 2026,1,1,8,0,False,False,General Traffic Alert,Other Landmark
2066767223503630454,https://x.com/MTPHereToHelp/status/2066767223503630454,"These garbage trucks are parked every evening creating blockage for 1 lane...which creates more traffic in rush hour time... please help to remove these garbage trucks 

@MumbaiPolice @MTPHereToHelp @RoadsOfMumbai https://t.co/T5eu6Bdrf9",Tue Jun 16 06:17:59 +0000 2026,0,2,0,0,False,False,General Traffic Alert,Other Landmark
2066178410158993661,https://x.com/MTPHereToHelp/status/2066178410158993661,वाहतूक सुरळीत सुरू झाली आहे.  Now Traffic Is Clear       #MTPTrafficUpdate,Sun Jun 14 15:18:15 +0000 2026,0,1,1,0,False,False,Traffic Cleared / Normal,Other Landmark
2066163884818579868,https://x.com/MTPHereToHelp/status/2066163884818579868,"बेस्ट बस अपघातामुळे गोखले पूल (सहार ) येथे दक्षिणेकडे जाणारी वाहतूक संथ गतीने सुरू आहे.
Traffic Movement Is Slow At Gokhale Bridge ( Sahar ) South Bound Due To BEST Bus Accident.
 #MTPTrafficUpdate",Sun Jun 14 14:20:32 +0000 2026,0,4,12,1,False,False,Accident,Western Suburbs (WEH Axis)
2065826681429090536,https://x.com/MTPHereToHelp/status/2065826681429090536,"🔸As per the instructions of Hon’ble Shri. Deven Bharti @CPMumbaiPolice Grievance Redressal Day was organised on 13th June 2026, Saturday across all police stations under the supervision of the Jt. CP (L&amp;O).

On this occasion, Addl CsP and DCsP also visited the Police Stations",Sat Jun 13 16:00:36 +0000 2026,8,25,104,1,False,False,General Traffic Alert,Eastern Suburbs (EEH Axis)
2064776755786002665,https://x.com/MTPHereToHelp/status/2064776755786002665,वाहतूक सुरळीत सुरू झाली आहे.  Now Traffic Is Clear       #MTPTrafficUpdate,Wed Jun 10 18:28:34 +0000 2026,1,1,1,0,False,False,Traffic Cleared / Normal,Other Landmark
2064729401871487351,https://x.com/MTPHereToHelp/status/2064729401871487351,"बेस्ट बसच्या बिघाडामुळे कर्मवीर दादासाहेब गायकवाड बस स्टॉप (अँटॉप हिल) येथे  जाणारी वाहतूक संथ गतीने सुरू आहे.
Traffic Movement Is Slow At Karmveer Dadasaheb Gaikwad Bus Stop (Antop Hill)  Due To BEST Bus Breakdown.
 #MTPTrafficUpdate",Wed Jun 10 15:20:24 +0000 2026,2,2,5,0,False,False,Vehicle Breakdown,Other Landmark
2063478557016465496,https://x.com/MTPHereToHelp/status/2063478557016465496,"'Guess कर मुंबईकर!' मध्ये काल शनिवारी विचारलेल्या प्रश्नाचं उत्तर आहे,'विहार, तुळशी, तानसा, मोडक सागर, अप्पर वैतरणा, हिंदुहृदयसम्राट बाळासाहेब ठाकरे मध्य वैतरणा आणि भातसा'.

आपल्या मुंबईच्या कोणत्या गोष्टी तुम्हाला जाणून घ्यायला आवडतील हे आम्हाला कंमेंट बॉक्समध्ये नक्की सांगा ! https://t.co/PSEE2bcxF0",Sun Jun 07 04:30:00 +0000 2026,19,10,33,0,False,False,General Traffic Alert,Other Landmark
2062699350841753749,https://x.com/MTPHereToHelp/status/2062699350841753749,वाहतूक सुरळीत सुरू झाली आहे.  Now Traffic Is Clear       #MTPTrafficUpdate,Fri Jun 05 00:53:42 +0000 2026,0,0,0,0,False,False,Traffic Cleared / Normal,Other Landmark
2062628030317838783,https://x.com/MTPHereToHelp/status/2062628030317838783,"बीएमसीच्या कामामुळे  एससीएलआर ब्रिज (चेंबूर)   येथे दक्षिणेकडे  जाणारी वाहतूक संथ गतीने सुरू आहे.
Traffic Movement Is Slow At SCLR Bridge ( Chembur ) South Bound Due To BMC Work.
 #MTPTrafficUpdate",Thu Jun 04 20:10:18 +0000 2026,0,1,2,0,False,False,VIP / Security Movement,Eastern Suburbs (EEH Axis)
2061489731796718008,https://x.com/MTPHereToHelp/status/2061489731796718008,वाहतूक सुरळीत सुरू झाली आहे.  Now Traffic Is Clear       #MTPTrafficUpdate,Mon Jun 01 16:47:07 +0000 2026,0,0,3,0,False,False,Traffic Cleared / Normal,Other Landmark
2061452090128646221,https://x.com/MTPHereToHelp/status/2061452090128646221,"बेस्ट बसच्या बिघाडामुळे छोटा सायन (माहीम) येथे दक्षिणेकडे जाणारी वाहतूक संथ गतीने सुरू आहे.
Traffic Movement Is Slow At Chota Sion (Mahim) South Bound Due To BEST Bus Breakdown.
 #MTPTrafficUpdate",Mon Jun 01 14:17:32 +0000 2026,0,2,9,0,False,False,Vehicle Breakdown,Eastern Suburbs (EEH Axis)
2049655131361386800,https://x.com/MTPHereToHelp/status/2049655131361386800,वाहतूक सुरळीत सुरू झाली आहे.  Now Traffic Is Clear       #MTPTrafficUpdate,Thu Apr 30 01:00:38 +0000 2026,0,1,2,1,False,False,Traffic Cleared / Normal,Other Landmark
2049387135065788638,https://x.com/MTPHereToHelp/status/2049387135065788638,प्रजासत्ताक दिन 26 जानेवारी 2026 रोजी झालेल्या संचलन समारंभात भाग घेतलेल्या  पथकांना शासनातर्फे चषक देण्यात येतात. त्याकरिता गठित करण्यात आलेल्या निवड समितीने शालेय पथकातील उत्कृष्ट संचलन पथक म्हणून खालील पथकांची निवड केलेली आहे. https://t.co/mvHJ9zD4co,Wed Apr 29 07:15:43 +0000 2026,0,0,1,0,False,False,General Traffic Alert,Other Landmark
2049353595565605253,https://x.com/MTPHereToHelp/status/2049353595565605253,"क्रेन अपघातामुळे मानखुर्द नवीन पूल (मानखुर्द) येथे उत्तरेकडे जाणारी  वाहतूक संथ गतीने सुरु आहे  
Traffic Movement Is Slow At Mankhurd New Bridge (Mankhurd) North Bound Due To Crain Accident.
 #MTPTrafficUpd",Wed Apr 29 05:02:26 +0000 2026,2,28,13,2,False,False,Accident,Extended Suburbs / Outskirts
2049302994089574863,https://x.com/MTPHereToHelp/status/2049302994089574863,वाहतूक सुरळीत सुरू झाली आहे.  Now Traffic Is Clear       #MTPTrafficUpdate,Wed Apr 29 01:41:22 +0000 2026,0,7,1,0,False,False,Traffic Cleared / Normal,Other Landmark
2049184843750334512,https://x.com/MTPHereToHelp/status/2049184843750334512,"क्रेन अपघातामुळे मानखुर्द नवीन पूल  येथे  उत्तरेकडे जाणारी  वाहतूक संथ गतीने सुरु आहे  
Traffic Movement Is Slow At Mankhurd New Bridge North Bound Due To Crain Accident.
 #MTPTrafficUpda",Tue Apr 28 17:51:53 +0000 2026,2,12,5,2,False,False,Accident,Extended Suburbs / Outskirts
2049176607143661735,https://x.com/MTPHereToHelp/status/2049176607143661735,The action has been taken by Dahisar Traffic Division,Tue Apr 28 17:19:09 +0000 2026,0,0,0,0,False,False,General Traffic Alert,Western Suburbs (WEH Axis)
2049127912151138698,https://x.com/MTPHereToHelp/status/2049127912151138698,वाहतूक सुरळीत सुरू झाली आहे.  Now Traffic Is Clear       #MTPTrafficUpdate,Tue Apr 28 14:05:39 +0000 2026,0,0,1,0,False,False,Traffic Cleared / Normal,Other Landmark
2049126274812277073,https://x.com/MTPHereToHelp/status/2049126274812277073,"बेस्ट बस आणि डंपरच्या अपघातामुळे टी जंक्शन (मानखुर्द)  येथे उत्तरेकडे  दक्षिणेकडे जाणारी  वाहतूक संथ गतीने सुरु आहे  
Traffic Movement Is Slow At T Junction (Mankhurd) North  Bound  Due To BEST Bus &amp; Dumpar Accident.
 #MTPTrafficUpdate",Tue Apr 28 13:59:09 +0000 2026,0,1,1,0,False,False,Accident,Extended Suburbs / Outskirts
2049082164751544447,https://x.com/MTPHereToHelp/status/2049082164751544447,वाहतूक सुरळीत सुरू झाली आहे.  Now Traffic Is Clear       #MTPTrafficUpdate,Tue Apr 28 11:03:52 +0000 2026,0,0,0,0,False,False,Traffic Cleared / Normal,Other Landmark
2049076348610863415,https://x.com/MTPHereToHelp/status/2049076348610863415,"डंपर आणि दुचाकीच्या अपघातामुळे महानंदा डेअरी (जोगेश्वरी) येथे दक्षिणेकडे जाणारी वाहतूक संथ गतीने सुरू आहे.
Traffic Movement Is Slow At Mahananda Dairy (Jogeshwari)  South Bound Due To dumper and Bike Accident .
 #MTPTrafficUpdate",Tue Apr 28 10:40:46 +0000 2026,0,1,0,0,False,False,Vehicle Breakdown,Western Suburbs (WEH Axis)
2048999580214460841,https://x.com/MTPHereToHelp/status/2048999580214460841,"BMC च्या कामामुळे बिर्ला स्कूल (D.B.मार्ग) येथील वाहतूक संथ गतीने गतीने सुरु आहे  
Traffic Movement Is Slow At Birla School (D.B.Marg) Due To BMC Work.
 #MTPTrafficUpdate",Tue Apr 28 05:35:43 +0000 2026,0,1,1,0,False,False,VIP / Security Movement,Other Landmark
2048994974432461292,https://x.com/MTPHereToHelp/status/2048994974432461292,वाहतूक सुरळीत सुरू झाली आहे.  Now Traffic Is Clear       #MTPTrafficUpdate,Tue Apr 28 05:17:25 +0000 2026,0,0,0,0,False,False,Traffic Cleared / Normal,Other Landmark
2048993242650464751,https://x.com/MTPHereToHelp/status/2048993242650464751,वाहतूक सुरळीत सुरू झाली आहे.  Now Traffic Is Clear       #MTPTrafficUpdate,Tue Apr 28 05:10:32 +0000 2026,0,0,0,0,False,False,Traffic Cleared / Normal,Other Landmark
2048989754465857860,https://x.com/MTPHereToHelp/status/2048989754465857860,"पाण्याचा टँकरच्या बिघाडामुळे सेंटोर ब्रिज (वाकोला) येथे दक्षिणेकडे जाणारी  वाहतूक संथ गतीने सुरु आहे  
Traffic Movement Is Slow At Centor Bridge (Vakola) South Bound  Due To Water Tanker Breakdown.
 #MTPTrafficUpdate",Tue Apr 28 04:56:40 +0000 2026,0,2,2,0,False,False,Vehicle Breakdown,Other Landmark
2048988193291456950,https://x.com/MTPHereToHelp/status/2048988193291456950,The action has been taken by Goregoan Traffic Divison,Tue Apr 28 04:50:28 +0000 2026,0,1,0,0,False,False,General Traffic Alert,Other Landmark
2048987260079796321,https://x.com/MTPHereToHelp/status/2048987260079796321,The action has been taken by D.N.Nagar Traffic Divison,Tue Apr 28 04:46:45 +0000 2026,0,0,0,0,False,False,General Traffic Alert,Other Landmark
2048986653415575941,https://x.com/MTPHereToHelp/status/2048986653415575941,"टेम्पोच्या बिघाडामुळे अंधेरी ब्रिज (सहार) येथे  दक्षिणेकडे जाणारी  वाहतूक संथ गतीने सुरु आहे  
Traffic Movement Is Slow At Andheri Bridge (Sahar) South Bound Due To Tempo Breakdown.
 #MTPTrafficUpda",Tue Apr 28 04:44:21 +0000 2026,0,1,4,0,False,False,Vehicle Breakdown,Western Suburbs (WEH Axis)
2048974829857161297,https://x.com/MTPHereToHelp/status/2048974829857161297,वाहतूक सुरळीत सुरू झाली आहे.  Now Traffic Is Clear       #MTPTrafficUpdate,Tue Apr 28 03:57:22 +0000 2026,0,0,0,0,False,False,Traffic Cleared / Normal,Other Landmark
2048964660981108878,https://x.com/MTPHereToHelp/status/2048964660981108878,"कारच्या बिघाडामुळे आणि तेल सांडल्याने वाकोला पूल (वाकोला) येथे दक्षिणेकडे जाणारी वाहतूक संथ गतीने सुरू आहे.
Traffic Movement Is Slow At Vakola Bridge (Vakola) South Bound Due To Car Breakdown And Oil Spilled.
 #MTPTrafficUpdate",Tue Apr 28 03:16:57 +0000 2026,0,4,1,0,False,False,Vehicle Breakdown,Other Landmark
2048780221042843932,https://x.com/MTPHereToHelp/status/2048780221042843932,वाहतूक सुरळीत सुरू झाली आहे.  Now Traffic Is Clear       #MTPTrafficUpdate,Mon Apr 27 15:04:03 +0000 2026,0,0,1,0,False,False,Traffic Cleared / Normal,Other Landmark
2048769980322480237,https://x.com/MTPHereToHelp/status/2048769980322480237,"बेस्ट बसच्या बिघाडामुळे सुंदर महल (मरिन ड्राइव्ह) येथे उत्तरेकडे  जाणारी  वाहतूक संथ गतीने सुरु आहे  
Traffic Movement Is Slow At Sunder Mahal  (Marin Drive) North Bound  Due To BEST Bus Breakdown.
 #MTPTrafficUpdate",Mon Apr 27 14:23:22 +0000 2026,1,4,4,0,False,False,Vehicle Breakdown,Other Landmark
2047497679027257627,https://x.com/MTPHereToHelp/status/2047497679027257627,वाहतूक सुरळीत सुरू झाली आहे.  Now Traffic Is Clear       #MTPTrafficUpdate,Fri Apr 24 02:07:42 +0000 2026,1,0,1,0,False,False,Traffic Cleared / Normal,Other Landmark
2047492058009735373,https://x.com/MTPHereToHelp/status/2047492058009735373,"डंपर बिघाडामुळे एससीएलआर पुल (कुर्ला) येथे उत्तरेकडे जाणारी वाहतूक संथ गतीने सुरू आहे.
Traffic Movement Is Slow On SCLR  Bridge (Kurla ) North Bound  Due To Dumper Breakdown.
 #MTPTrafficUpdate",Fri Apr 24 01:45:21 +0000 2026,1,2,2,0,False,False,Vehicle Breakdown,Eastern Suburbs (EEH Axis)
2047491094133555589,https://x.com/MTPHereToHelp/status/2047491094133555589,"टेम्पोच्या अपघातामुळे जोगेश्वरी सबवे येथे दक्षिणेकडे जाणारी वाहतूक संथ गतीने सुरू आहे.
Traffic Movement Is Slow At Jogeshwari Subway  South Bound Due To Tempo Accident .
 #MTPTrafficUpdate",Fri Apr 24 01:41:32 +0000 2026,1,1,1,0,False,False,Accident,Western Suburbs (WEH Axis)
2047340940256530865,https://x.com/MTPHereToHelp/status/2047340940256530865,वाहतूक सुरळीत सुरू झाली आहे.  Now Traffic Is Clear       #MTPTrafficUpdate,Thu Apr 23 15:44:52 +0000 2026,0,0,0,0,False,False,Traffic Cleared / Normal,Other Landmark
2047338359526502633,https://x.com/MTPHereToHelp/status/2047338359526502633,"कारच्या  बिघाडामुळे पोल क्रमांक २४१  (वडाळा) येथे वाहतूक संथ गतीने सुरू आहे.
Traffic Movement Is Slow At  North bound (wadala)Poll no 241 Car  Breakdown.
 #MTPTrafficUpdate",Thu Apr 23 15:34:37 +0000 2026,0,1,3,0,False,False,Vehicle Breakdown,Other Landmark
2047319294221173181,https://x.com/MTPHereToHelp/status/2047319294221173181,"BAG SELLER, TRAVEL BAG SELLING ENCROACHERS UNAUTHORIZED HAWKERS WHO R MAFIA &amp; CRIMINAL WHO DAILY DO  ILLEGAL ENCROACHMENT OF CHAKLA STREET आतच्या रस्ता - INSIDE ROAD &amp; FOOTHPATH NOS. 199/203, 205/208, NR. 2 MOSQUE MASJID, OPP. 2 CREAM APT., NR. 2 HINDUSTAN AROMATICS SHOP GATE https://t.co/WFevfSUUCt",Thu Apr 23 14:18:51 +0000 2026,0,1,0,0,False,False,General Traffic Alert,Other Landmark
2047306916473569605,https://x.com/MTPHereToHelp/status/2047306916473569605,The action has been taken by Mahim Traffic Division.,Thu Apr 23 13:29:40 +0000 2026,0,0,0,0,False,False,General Traffic Alert,Eastern Suburbs (EEH Axis)
2047306427912622591,https://x.com/MTPHereToHelp/status/2047306427912622591,The action has been taken by Azad Maidan Traffic Division.,Thu Apr 23 13:27:44 +0000 2026,0,0,0,0,False,False,General Traffic Alert,Eastern Suburbs (EEH Axis)
2047236077153648799,https://x.com/MTPHereToHelp/status/2047236077153648799,The action has been taken by Matunga Traffic Division.,Thu Apr 23 08:48:11 +0000 2026,0,0,0,0,False,False,General Traffic Alert,Eastern Suburbs (EEH Axis)
2047225685455126556,https://x.com/MTPHereToHelp/status/2047225685455126556,The action has been taken by Goregaon Traffic Division.,Thu Apr 23 08:06:53 +0000 2026,0,1,0,0,False,False,General Traffic Alert,Western Suburbs (WEH Axis)
2047225533294059598,https://x.com/MTPHereToHelp/status/2047225533294059598,The action has been taken by Goregaon Traffic Division.,Thu Apr 23 08:06:17 +0000 2026,0,0,0,0,False,False,General Traffic Alert,Western Suburbs (WEH Axis)
2047215532450214332,https://x.com/MTPHereToHelp/status/2047215532450214332,The action has been taken by kurla Traffic Division.,Thu Apr 23 07:26:33 +0000 2026,0,0,0,0,False,False,General Traffic Alert,Eastern Suburbs (EEH Axis)
2047212907394687305,https://x.com/MTPHereToHelp/status/2047212907394687305,वाहतूक सुरळीत सुरू झाली आहे.  Now Traffic Is Clear       #MTPTrafficUpdate,Thu Apr 23 07:16:07 +0000 2026,0,0,1,0,False,False,Traffic Cleared / Normal,Other Landmark
2047201442524729790,https://x.com/MTPHereToHelp/status/2047201442524729790,वाहतूक सुरळीत सुरू झाली आहे.  Now Traffic Is Clear       #MTPTrafficUpdate,Thu Apr 23 06:30:33 +0000 2026,0,0,1,0,False,False,Traffic Cleared / Normal,Other Landmark
2047189800869040291,https://x.com/MTPHereToHelp/status/2047189800869040291,"बेस्ट बसच्या बिघाडामुळे गोखले रोड (दादर) येथे उत्तरेकडे जाणारी वाहतूक संथ गतीने सुरू आहे.
Traffic Movement Is Slow At Gokhale Road  (Dadar) North Bound Due To BEST Bus Breakdown.
 #MTPTrafficUpdate",Thu Apr 23 05:44:18 +0000 2026,0,1,2,0,False,False,Vehicle Breakdown,South Mumbai
2047179179872121009,https://x.com/MTPHereToHelp/status/2047179179872121009,"बेस्ट बसच्या बिघाडामुळे कुमरिया जंक्शन (सहार) येथे उत्तरेकडे जाणारी वाहतूक संथ गतीने सुरू आहे.
Traffic Movement Is Slow At  Kumariya Junction (Sahar) North Bound Due To BEST  Bus Breakdown.
 #MTPTrafficUpdate",Thu Apr 23 05:02:05 +0000 2026,0,1,3,0,False,False,Vehicle Breakdown,Western Suburbs (WEH Axis)
2047166700999893432,https://x.com/MTPHereToHelp/status/2047166700999893432,वाहतूक सुरळीत सुरू झाली आहे.  Now Traffic Is Clear       #MTPTrafficUpdate,Thu Apr 23 04:12:30 +0000 2026,0,0,0,0,False,False,Traffic Cleared / Normal,Other Landmark
2047139152542732349,https://x.com/MTPHereToHelp/status/2047139152542732349,"टेम्पोच्या  बिघाडामुळे कोंडूर जंक्शन (वांद्रे) येथे उत्तरेकडे जाणारी  वाहतूक संथ आहे
Traffic Movement Is Slow At Kondur Junction (Bandra ) North Bound  Due To Best Bus Breakdown.
 #MTPTrafficUpdate",Thu Apr 23 02:23:02 +0000 2026,0,1,2,0,False,False,Vehicle Breakdown,Western Suburbs (WEH Axis)
2047137793634369585,https://x.com/MTPHereToHelp/status/2047137793634369585,वाहतूक सुरळीत सुरू झाली आहे.  Now Traffic Is Clear       #MTPTrafficUpdate,Thu Apr 23 02:17:38 +0000 2026,0,0,1,0,False,False,Traffic Cleared / Normal,Other Landmark
2047127140618105136,https://x.com/MTPHereToHelp/status/2047127140618105136,"टेम्पोच्या  बिघाडामुळे अमर महल जंक्शन (चेंबूर) येथे  दक्षिणेकडे जाणारी  वाहतूक संथ आहे
Traffic Movement Is Slow At Amar Mahal Junction(Chembur) South Bound  Due To Tempo Breakdown.
 #MTPTrafficUpdate",Thu Apr 23 01:35:18 +0000 2026,0,1,6,0,False,False,Vehicle Breakdown,Eastern Suburbs (EEH Axis)
2046954565254402354,https://x.com/MTPHereToHelp/status/2046954565254402354,The action has been taken by Mahim Traffic Divison,Wed Apr 22 14:09:33 +0000 2026,0,0,1,0,False,False,General Traffic Alert,South Mumbai
2046887497947549836,https://x.com/MTPHereToHelp/status/2046887497947549836,"UNAUTHORIZED HAWKERS HAATGAADI DRY FRUITS KHAJOOR &amp; HANDCART OTHERS PRODUCT VENDORS &amp; TRAVEL BAG'S SELLING ENCROACHERS R DAILY DOINGS ENCROACHMENTS OF आतच्या रस्ता-INSIDE CHAKLA ST. ROAD NO. 199/201, 202/208, NR. MOSQUE, CREAM APT., MUMBAI-3
@PydhoniePS @mybmcWardB @MTPHereToHelp https://t.co/Vz7O9X71kp",Wed Apr 22 09:43:03 +0000 2026,0,1,0,0,False,False,General Traffic Alert,Other Landmark
2045322381221322913,https://x.com/MTPHereToHelp/status/2045322381221322913,"इलेक्ट्रिक बसच्या बिघाडामुळे चकाला  जंक्शन (पायधुनी) येथे उत्तरेकडे जाणारी वाहतूक संथ गतीने सुरू आहे.
Traffic Movement Is Slow At Chakal Junction ( Pydhunie) North  Bound Due To Electric Bus Breakdown.
 #MTPTrafficUpdate",Sat Apr 18 02:03:50 +0000 2026,1,3,6,0,False,False,Vehicle Breakdown,Other Landmark
2045143056639479966,https://x.com/MTPHereToHelp/status/2045143056639479966,वाहतूक सुरळीत सुरू झाली आहे.  Now Traffic Is Clear       #MTPTrafficUpdate,Fri Apr 17 14:11:16 +0000 2026,0,0,1,0,False,False,Traffic Cleared / Normal,Other Landmark
2045136112516260167,https://x.com/MTPHereToHelp/status/2045136112516260167,"टेम्पोच्या बिघाडामुळे रे रोड पोल क्रमांक १०५ (वडाळा) येथे उत्तरेकडे जाणारी वाहतूक संथ गतीने सुरू आहे.
Traffic Movement Is Slow At Reay Road Poll Number 105 (Wadala) North Bound Due To Tempo Breakdown.
 #MTPTrafficUpdate",Fri Apr 17 13:43:40 +0000 2026,0,2,2,0,False,False,Vehicle Breakdown,Other Landmark
2045125653264212366,https://x.com/MTPHereToHelp/status/2045125653264212366,वाहतूक सुरळीत सुरू झाली आहे.  Now Traffic Is Clear       #MTPTrafficUpdate,Fri Apr 17 13:02:06 +0000 2026,0,1,0,0,False,False,Traffic Cleared / Normal,Other Landmark
2045111894961537162,https://x.com/MTPHereToHelp/status/2045111894961537162,"बेस्ट बसच्या बिघाडामुळे कोकरी आगर (अँटॉप हिल) येथे उत्तरेकडे जाणारी वाहतूक संथ गतीने सुरू आहे.
Traffic Movement Is Slow At Kokari Agar (Antop Hill) North Bound Due To BEST Bus Breakdown.
 #MTPTrafficUpdate",Fri Apr 17 12:07:26 +0000 2026,0,1,2,0,False,False,Vehicle Breakdown,Other Landmark
2045005716684222480,https://x.com/MTPHereToHelp/status/2045005716684222480,वाहतूक सुरळीत सुरू झाली आहे.  Now Traffic Is Clear       #MTPTrafficUpdate,Fri Apr 17 05:05:31 +0000 2026,0,0,0,0,False,False,Traffic Cleared / Normal,Other Landmark
2045004390914998366,https://x.com/MTPHereToHelp/status/2045004390914998366,वाहतूक सुरळीत सुरू झाली आहे.  Now Traffic Is Clear       #MTPTrafficUpdate,Fri Apr 17 05:00:15 +0000 2026,0,0,0,0,False,False,Traffic Cleared / Normal,Other Landmark
2044996387008552966,https://x.com/MTPHereToHelp/status/2044996387008552966,The action has been taken by Oshiwara  Traffic Division,Fri Apr 17 04:28:27 +0000 2026,0,0,0,0,False,False,General Traffic Alert,Eastern Suburbs (EEH Axis)
2044992330869174653,https://x.com/MTPHereToHelp/status/2044992330869174653,"बेस्ट बसच्या बिघाडामुळे सिसिल जंक्शन (ताडदेव) येथे उत्तरेकडे जाणारी वाहतूक संथ गतीने सुरू आहे.
Traffic Movement Is Slow At Cicil Junction (Tardeo) North Bound Due To BEST Bus Breakdown.
 #MTPTrafficUpdate",Fri Apr 17 04:12:20 +0000 2026,0,2,2,0,False,False,Vehicle Breakdown,Other Landmark
2044978457449488674,https://x.com/MTPHereToHelp/status/2044978457449488674,"ट्रकच्या बिघाडामुळे परळ टी.टी ब्रिज (भोईवाडा) येथे दक्षिणेकडे जाणारी वाहतूक संथ गतीने सुरू आहे.
Traffic Movement Is Slow At Parel T.T Bridge (Bhoiwada ) South Bound  Due To Truck Breakdown.
 #MTPTrafficUpdate",Fri Apr 17 03:17:12 +0000 2026,0,2,5,0,False,False,Vehicle Breakdown,South Mumbai
2044884089250127957,https://x.com/MTPHereToHelp/status/2044884089250127957,वाहतूक सुरळीत सुरू झाली आहे.  Now Traffic Is Clear       #MTPTrafficUpdate,Thu Apr 16 21:02:13 +0000 2026,0,0,1,0,False,False,Traffic Cleared / Normal,Other Landmark
2044873401848988041,https://x.com/MTPHereToHelp/status/2044873401848988041,"तेल गळतीमुळे कामराज नगर ते IOC जंक्शन (चेंबूर/विक्रोळी)  येथे जाणारी वाहतूक संथ गतीने सुरू आहे.
Traffic Movement Is Slow At Kamraj Nagar To IOC Junction (Chembur/Vikhroli) Due To Oil  Spilt.
 #MTPTrafficUpdate",Thu Apr 16 20:19:45 +0000 2026,2,1,4,0,False,False,VIP / Security Movement,Eastern Suburbs (EEH Axis)
2044792478302339465,https://x.com/MTPHereToHelp/status/2044792478302339465,वाहतूक सुरळीत सुरू झाली आहे.  Now Traffic Is Clear       #MTPTrafficUpdate,Thu Apr 16 14:58:11 +0000 2026,0,1,1,0,False,False,Traffic Cleared / Normal,Other Landmark
2044777746325442726,https://x.com/MTPHereToHelp/status/2044777746325442726,"ऑइल टँकरच्या बिघाडामुळे 60 फूट रोड सोनिया बिल्डिंग समोर (माहीम) येथे  दक्षिणेकडे  जाणारी वाहतूक संथ गतीने सुरू आहे.
Traffic Movement Is Slow At 60 Feet Road Front Of Sonia Building (Mahim) South Bound Due To Oil Tanker Breakdown..
 #MTPTrafficUpdate",Thu Apr 16 13:59:39 +0000 2026,0,1,2,0,False,False,Vehicle Breakdown,South Mumbai
2044733058193240147,https://x.com/MTPHereToHelp/status/2044733058193240147,वाहतूक सुरळीत सुरू झाली आहे.  Now Traffic Is Clear       #MTPTrafficUpdate,Thu Apr 16 11:02:05 +0000 2026,0,0,0,0,False,False,Traffic Cleared / Normal,Other Landmark
2044615588832759973,https://x.com/MTPHereToHelp/status/2044615588832759973,"पाईपलाईन तुटल्यामुळे साईबा हॉटेल जवळील लकी जंक्शन (वांद्रे) येथील उत्तरेकडे जाणारी वाहतूक संथ गतीने सुरु आहे.
Traffic Movement Is Slow At Lucky Junction Near Saiba Hotel (Bandra) North Bound Due To Pipeline Broke  North North
 #MTPTrafficUpdate",Thu Apr 16 03:15:18 +0000 2026,1,2,5,0,False,False,VIP / Security Movement,Western Suburbs (WEH Axis)
2044497225922056404,https://x.com/MTPHereToHelp/status/2044497225922056404,वाहतूक सुरळीत सुरू झाली आहे.  Now Traffic Is Clear       #MTPTrafficUpdate,Wed Apr 15 19:24:58 +0000 2026,0,0,2,0,False,False,Traffic Cleared / Normal,Other Landmark
2044480443471609862,https://x.com/MTPHereToHelp/status/2044480443471609862,"आयशर टेम्पोच्या बिघाडामुळे जे.व्ही.एल.आर. पुल (जोगेश्वरी) येथे उत्तरेकडे जाणारी वाहतूक संथ गतीने सुरू आहे.
Traffic Movement Is Slow At J.V.L.R. Bridge (Jogeshwari) North Bound Due To Eicher Tempo Breakdown.
 #MTPTrafficUpdate",Wed Apr 15 18:18:16 +0000 2026,0,1,5,0,False,False,Vehicle Breakdown,Western Suburbs (WEH Axis)
2044411130542792933,https://x.com/MTPHereToHelp/status/2044411130542792933,वाहतूक सुरळीत सुरू झाली आहे.  Now Traffic Is Clear       #MTPTrafficUpdate,Wed Apr 15 13:42:51 +0000 2026,0,0,1,0,False,False,Traffic Cleared / Normal,Other Landmark
2044408170710495565,https://x.com/MTPHereToHelp/status/2044408170710495565,वाहतूक सुरळीत सुरू झाली आहे.  Now Traffic Is Clear,Wed Apr 15 13:31:05 +0000 2026,0,2,0,0,False,False,Traffic Cleared / Normal,Other Landmark
2044403489217134654,https://x.com/MTPHereToHelp/status/2044403489217134654,"कारच्या बिघाडामुळे लोकभवन लोअर गेट (डी.बी.मार्ग)  येथे जाणारी वाहतूक संथ गतीने सुरू आहे.
Traffic Movement Is Slow At Lokbhavan Lower Gate  ( D.B.Marg  )  Due To Car Breakdown.
 #MTPTrafficUpdate",Wed Apr 15 13:12:29 +0000 2026,0,1,2,0,False,False,Vehicle Breakdown,Other Landmark
2044399894090437039,https://x.com/MTPHereToHelp/status/2044399894090437039,वाहतूक सुरळीत सुरू झाली आहे.  Now Traffic Is Clear,Wed Apr 15 12:58:12 +0000 2026,0,0,3,0,False,False,Traffic Cleared / Normal,Other Landmark
2044394539876745267,https://x.com/MTPHereToHelp/status/2044394539876745267,वाहतूक सुरळीत सुरू झाली आहे.  Now Traffic Is Clear,Wed Apr 15 12:36:55 +0000 2026,0,0,0,0,False,False,Traffic Cleared / Normal,Other Landmark
2044380709192950164,https://x.com/MTPHereToHelp/status/2044380709192950164,"खाजगी बसच्या बिघाडामुळे अंधेरी ब्रिज (सहार ) येथे दक्षिणेकडे जाणारी वाहतूक संथ गतीने सुरू आहे.
Traffic Movement Is Slow At Andheri Bridge ( Sahar ) South Bound Due To Private Bus Breakdown.
 #MTPTrafficUpdate",Wed Apr 15 11:41:58 +0000 2026,0,2,2,0,False,False,Vehicle Breakdown,Western Suburbs (WEH Axis)
2044378491450425675,https://x.com/MTPHereToHelp/status/2044378491450425675,"खाजगी बसच्या बिघाडामुळे आरे ब्रिज (दिंडोशी) येथे दक्षिणेकडे जाणारी वाहतूक संथ गतीने सुरू आहे.
Traffic Movement Is Slow At Aarey Bridge ( Dindoshi ) South Bound Due To Private Bus Breakdown.
 #MTPTrafficUpdate",Wed Apr 15 11:33:09 +0000 2026,0,1,2,0,False,False,Vehicle Breakdown,Other Landmark
2044346687473566148,https://x.com/MTPHereToHelp/status/2044346687473566148,"इलेक्ट्रिक बसच्या बिघाडामुळे एम्पोल जंक्शन ( डी.बी.मार्ग ) येथे दक्षिणेकडे जाणारी वाहतूक संथ गतीने सुरू आहे.
Traffic Movement Is Slow At Empol Junction  ( D.B.Marg ) South Bound Due To Electric Bus Breakdown.
 #MTPTrafficUpdate",Wed Apr 15 09:26:47 +0000 2026,0,1,3,0,False,False,Vehicle Breakdown,Other Landmark
2044302292225228870,https://x.com/MTPHereToHelp/status/2044302292225228870,वाहतूक सुरळीत सुरू झाली आहे.  Now Traffic Is Clear       #MTPTrafficUpdateवाहतूक,Wed Apr 15 06:30:22 +0000 2026,0,1,3,0,False,False,Traffic Cleared / Normal,Other Landmark
2044281371087253664,https://x.com/MTPHereToHelp/status/2044281371087253664,"कारच्या बिघाडामुळे पोल क्रमांक 94 ईस्टर्न फ्रीवे ( वडाळा ) येथे दक्षिणेकडे जाणारी वाहतूक संथ गतीने सुरू आहे.
Traffic Movement Is Slow At Poll No. 94  Eastern Freeway ( Wadala ) South Bound Due To Car Breakdown.
 #MTPTrafficUpdate",Wed Apr 15 05:07:14 +0000 2026,0,1,3,0,False,False,Vehicle Breakdown,Other Landmark
2044270789214777348,https://x.com/MTPHereToHelp/status/2044270789214777348,वाहतूक सुरळीत सुरू झाली आहे.  Now Traffic Is Clear       #MTPTrafficUpdate,Wed Apr 15 04:25:11 +0000 2026,1,0,1,0,False,False,Traffic Cleared / Normal,Other Landmark
2044262685081235820,https://x.com/MTPHereToHelp/status/2044262685081235820,"टेम्पोच्या बिघाडामुळे छेडा नगर पुल (चेंबूर) येथे दक्षिणेकडे जाणारी वाहतूक संथ गतीने सुरू आहे.
Traffic Movement Is Slow On Chheda Nagar Bridge (Chembur)  South Bound Due To  Tempo  Breakdown.
 #MTPTrafficUpdate",Wed Apr 15 03:52:59 +0000 2026,0,1,4,0,False,False,Vehicle Breakdown,Eastern Suburbs (EEH Axis)
2043947945633165511,https://x.com/MTPHereToHelp/status/2043947945633165511,The action has been taken by MIDC Traffic Divison.,Tue Apr 14 07:02:19 +0000 2026,0,0,0,0,False,False,General Traffic Alert,Other Landmark
2043940160715534584,https://x.com/MTPHereToHelp/status/2043940160715534584,वाहतूक सुरळीत सुरू झाली आहे.  Now Traffic Is Clear       #MTPTrafficUpdate,Tue Apr 14 06:31:23 +0000 2026,0,0,3,0,False,False,Traffic Cleared / Normal,Other Landmark
2043939337482711402,https://x.com/MTPHereToHelp/status/2043939337482711402,"एसटी बसच्या बिघाडामुळे भायखळा पुल  येथे दक्षिणेकडे जाणारी वाहतूक संथ गतीने सुरू आहे.
Traffic Movement Is Slow On Byculla Bridge  South Bound Due To  ST Bus Breakdown.
 #MTPTrafficUpdate",Tue Apr 14 06:28:07 +0000 2026,0,1,6,0,False,False,Vehicle Breakdown,South Mumbai
2043727360848265523,https://x.com/MTPHereToHelp/status/2043727360848265523,वाहतूक सुरळीत सुरू झाली आहे.  Now Traffic Is Clear       #MTPTrafficUpdate,Mon Apr 13 16:25:48 +0000 2026,0,0,0,0,False,False,Traffic Cleared / Normal,Other Landmark
2043713320121925800,https://x.com/MTPHereToHelp/status/2043713320121925800,"इलेक्ट्रिक बसच्या बिघाडामुळे जामा जंक्शन (चेंबूर) येथे दक्षिणेकडे जाणारी वाहतूक संथ गतीने सुरू आहे.
Traffic Movement Is Slow At Jama Junction (Chembur) South Bound Due To Electric Bus Breakdown.
 #MTPTrafficUpdate",Mon Apr 13 15:30:00 +0000 2026,2,2,2,0,False,False,Vehicle Breakdown,Eastern Suburbs (EEH Axis)
2043334294400294934,https://x.com/MTPHereToHelp/status/2043334294400294934,वाहतूक सुरळीत सुरू झाली आहे.  Now Traffic Is Clear       #MTPTrafficUpdate,Sun Apr 12 14:23:53 +0000 2026,0,0,1,0,False,False,Traffic Cleared / Normal,Other Landmark
2043334177605697931,https://x.com/MTPHereToHelp/status/2043334177605697931,वाहतूक सुरळीत सुरू झाली आहे.  Now Traffic Is Clear       #MTPTrafficUpdate,Sun Apr 12 14:23:25 +0000 2026,0,0,1,0,False,False,Traffic Cleared / Normal,Other Landmark
2043334028607238291,https://x.com/MTPHereToHelp/status/2043334028607238291,वाहतूक सुरळीत सुरू झाली आहे.  Now Traffic Is Clear       #MTPTrafficUpdate,Sun Apr 12 14:22:50 +0000 2026,0,0,1,0,False,False,Traffic Cleared / Normal,Other Landmark
2043326236936835457,https://x.com/MTPHereToHelp/status/2043326236936835457,"कारच्या बिघाडामुळे कोलस्टल रोड पोल क्रमांक- 6 (मरीन ड्राइव्ह) येथे दक्षिणेकडे जाणारी वाहतूक संथ गतीने सुरू आहे.
Traffic Movement Is Slow At Colstal Road Pole No- 6 (Marine Drive) South Bound  Due To Car Breakdown.
 #MTPTrafficUpdate",Sun Apr 12 13:51:52 +0000 2026,0,1,3,0,False,False,Vehicle Breakdown,Other Landmark
2043323807377887707,https://x.com/MTPHereToHelp/status/2043323807377887707,"वानखेडे स्टेडियम मरीन ड्राईव्ह येथे आयपीएल क्रिकेट सामना असल्याने कोस्टल रोड दक्षिण वाहिनी वरील  वाहतूक संथ गतीने सुरू आहे.
 #MTPTrafficUpdate",Sun Apr 12 13:42:13 +0000 2026,0,1,2,0,False,False,General Traffic Alert,Other Landmark
2043300930939134136,https://x.com/MTPHereToHelp/status/2043300930939134136,"रेसकोर्स येथील  संगीत मैफिलीमुळे हाजी अली जंक्शन (ताडदेव) येथे  वाहतूक संथ गतीने सुरू आहे.
Traffic Movement Is Slow At Haji Ali Junction ( Tardeo ) Due To Music Concert At Race Course.
 #MTPTrafficUpdate",Sun Apr 12 12:11:19 +0000 2026,0,1,7,0,False,False,VIP / Security Movement,Other Landmark
2043243496296059109,https://x.com/MTPHereToHelp/status/2043243496296059109,वाहतूक सुरळीत सुरू झाली आहे.  Now Traffic Is Clear       #MTPTrafficUpdate,Sun Apr 12 08:23:05 +0000 2026,0,0,0,0,False,False,Traffic Cleared / Normal,Other Landmark
2043235319873687640,https://x.com/MTPHereToHelp/status/2043235319873687640,"डंपर आणी कारच्या अपघातामुळे दुर्गा मंदीर (समतानगर ) येथे उत्तरेकडे व दक्षिणेकडे  जाणारी वाहतूक संथ गतीने सुरू आहे.
Traffic Movement Is Slow At Durga Temple (Samtanagar) North and South Bound Due To dumper and car Accident .
 #MTPTrafficUpdate",Sun Apr 12 07:50:36 +0000 2026,1,1,0,0,False,False,Vehicle Breakdown,Other Landmark
2043140281739124744,https://x.com/MTPHereToHelp/status/2043140281739124744,वाहतूक सुरळीत सुरू झाली आहे.  Now Traffic Is Clear       #MTPTrafficUpdate,Sun Apr 12 01:32:57 +0000 2026,0,0,0,0,False,False,Traffic Cleared / Normal,Other Landmark
2043133581535682975,https://x.com/MTPHereToHelp/status/2043133581535682975,"कंटेनरच्या बिघाडामुळे विक्रोळी पुलावर (घाटकोपर) येथे दक्षिणेकडे जाणारी वाहतूक संथ गतीने सुरू आहे.
Traffic Movement Is Slow On Vikhroli Bridge (Ghatkopar) South Bound Due To Container  Breakdown.
 #MTPTrafficUpdate",Sun Apr 12 01:06:20 +0000 2026,1,1,3,0,False,False,Vehicle Breakdown,Eastern Suburbs (EEH Axis)
2043004280416932230,https://x.com/MTPHereToHelp/status/2043004280416932230,वाहतूक सुरळीत सुरू झाली आहे.  Now Traffic Is Clear       #MTPTrafficUpdate,Sat Apr 11 16:32:32 +0000 2026,0,0,1,0,False,False,Traffic Cleared / Normal,Other Landmark
2042969834561106298,https://x.com/MTPHereToHelp/status/2042969834561106298,"बेस्ट बसच्या बिघाडामुळे आय.व्हाय. कॉलेज (जोगेश्वरी) येथे दक्षिणेकडे जाणारी वाहतूक संथ गतीने सुरू आहे.
Traffic Movement Is Slow At I.Y Collage (Jogeshwari) South Bound Due To BEST Bus Breakdown.
 #MTPTrafficUpdate",Sat Apr 11 14:15:39 +0000 2026,0,1,5,0,False,False,Vehicle Breakdown,Western Suburbs (WEH Axis)
2042926626967830905,https://x.com/MTPHereToHelp/status/2042926626967830905,वाहतूक सुरळीत सुरू झाली आहे.  Now Traffic Is Clear       #MTPTrafficUpdate,Sat Apr 11 11:23:58 +0000 2026,0,0,0,0,False,False,Traffic Cleared / Normal,Other Landmark
2042910617779286100,https://x.com/MTPHereToHelp/status/2042910617779286100,The action has been taken by Azad Maidan Traffic Division,Sat Apr 11 10:20:21 +0000 2026,0,0,0,0,False,False,General Traffic Alert,Eastern Suburbs (EEH Axis)
2042909868198367400,https://x.com/MTPHereToHelp/status/2042909868198367400,The action has been taken by Azad Maidan Traffic Division,Sat Apr 11 10:17:22 +0000 2026,0,0,0,0,False,False,General Traffic Alert,Eastern Suburbs (EEH Axis)
2042909646789447823,https://x.com/MTPHereToHelp/status/2042909646789447823,The action has been taken by Azad Maidan Traffic Division,Sat Apr 11 10:16:29 +0000 2026,0,0,0,0,False,False,General Traffic Alert,Eastern Suburbs (EEH Axis)
2042847563104293181,https://x.com/MTPHereToHelp/status/2042847563104293181,वाहतूक सुरळीत सुरू झाली आहे.  Now Traffic Is Clear       #MTPTrafficUpdate,Sat Apr 11 06:09:47 +0000 2026,0,0,1,0,False,False,Traffic Cleared / Normal,Other Landmark
2042779906384486816,https://x.com/MTPHereToHelp/status/2042779906384486816,"डंपर बिघाडामुळे पोस्टल कॉलनी (चेंबूर) येथे दक्षिणेकडे जाणारी वाहतूक संथ गतीने सुरू आहे.
Traffic Movement Is Slow At Postal Colony (Chembur) South Bound  Due To Dumper Breakdown.
 #MTPTrafficUpdate",Sat Apr 11 01:40:57 +0000 2026,0,1,2,0,False,False,Vehicle Breakdown,Eastern Suburbs (EEH Axis)
2042675805231403474,https://x.com/MTPHereToHelp/status/2042675805231403474,वाहतूक सुरळीत सुरू झाली आहे.  Now Traffic Is Clear       #MTPTrafficUpdate,Fri Apr 10 18:47:17 +0000 2026,0,0,0,0,False,False,Traffic Cleared / Normal,Other Landmark
2042601526364115059,https://x.com/MTPHereToHelp/status/2042601526364115059,वाहतूक सुरळीत सुरू झाली आहे.  Now Traffic Is Clear       #MTPTrafficUpdate,Fri Apr 10 13:52:08 +0000 2026,0,0,1,0,False,False,Traffic Cleared / Normal,Other Landmark
2042601335959490764,https://x.com/MTPHereToHelp/status/2042601335959490764,"बेस्ट बसच्या बिघाडामुळे आरे कॉलनी गेट क्रमांक 05 (दिंडोशी) येथे जाणारी वाहतूक संथ गतीने सुरू आहे.
Traffic Movement Is Slow At Aarey Colony Gate No 05 (Dindoshi) Due To BEST Bus Breakdown.
 #MTPTrafficUpdate",Fri Apr 10 13:51:22 +0000 2026,0,1,5,0,False,False,Vehicle Breakdown,Other Landmark
2042561456198291921,https://x.com/MTPHereToHelp/status/2042561456198291921,"कारच्या बिघाडामुळे मिलान सबवे (वाकोला)येथे उत्तरेकडे जाणारी वाहतूक संथ गतीने सुरू आहे.
Traffic Movement Is Slow At Milan Subway (Vakola) North Bound  Due To Car Breakdown.
 #MTPTrafficUpdate",Fri Apr 10 11:12:54 +0000 2026,0,1,3,0,False,False,Vehicle Breakdown,Other Landmark
2042552869740777981,https://x.com/MTPHereToHelp/status/2042552869740777981,"पाइपलाइन तुटल्यामुळे लकी जंक्शन (वांद्रे) येथील दक्षिणेकडे जाणारी वाहतूक संथ गतीने सुरु आहे.
Traffic Movement Is Slow At Lucky Junction (Bandra) South Bound Due To Pipeline Broke 
 #MTPTrafficUpdate",Fri Apr 10 10:38:47 +0000 2026,1,3,5,0,False,False,VIP / Security Movement,Western Suburbs (WEH Axis)
2042543777345343576,https://x.com/MTPHereToHelp/status/2042543777345343576,वाहतूक सुरळीत सुरू झाली आहे.  Now Traffic Is Clear       #MTPTrafficUpdate,Fri Apr 10 10:02:39 +0000 2026,0,1,0,0,False,False,Traffic Cleared / Normal,Other Landmark
2042542463202791499,https://x.com/MTPHereToHelp/status/2042542463202791499,The action has been taken by Kalbadevi Traffic Divison.,Fri Apr 10 09:57:26 +0000 2026,0,0,0,0,False,False,General Traffic Alert,Other Landmark
2042541994472542241,https://x.com/MTPHereToHelp/status/2042541994472542241,The action has been taken by Kalbadevi Traffic Divison.,Fri Apr 10 09:55:34 +0000 2026,0,0,0,0,False,False,General Traffic Alert,Other Landmark
2042541200595652941,https://x.com/MTPHereToHelp/status/2042541200595652941,The action has been taken by Kalbadevi Traffic Divison.,Fri Apr 10 09:52:25 +0000 2026,0,0,0,0,False,False,General Traffic Alert,Other Landmark
2042541003429810449,https://x.com/MTPHereToHelp/status/2042541003429810449,The action has been taken by Kalbadevi Traffic Divison.,Fri Apr 10 09:51:38 +0000 2026,0,0,0,0,False,False,General Traffic Alert,Other Landmark
2042537951935238559,https://x.com/MTPHereToHelp/status/2042537951935238559,सदर ठिकाणी बोरिवली वाहतूक विभागामार्फत कारवाई करण्यात आली आहे.,Fri Apr 10 09:39:30 +0000 2026,0,0,0,0,False,False,General Traffic Alert,Other Landmark
2042537393748873350,https://x.com/MTPHereToHelp/status/2042537393748873350,The action has been taken by Mulund Traffic Divison.,Fri Apr 10 09:37:17 +0000 2026,0,0,0,0,False,False,General Traffic Alert,Eastern Suburbs (EEH Axis)
2042537206972322276,https://x.com/MTPHereToHelp/status/2042537206972322276,The action has been taken by Mulund Traffic Divison.,Fri Apr 10 09:36:33 +0000 2026,0,0,0,0,False,False,General Traffic Alert,Eastern Suburbs (EEH Axis)
2042530500900684047,https://x.com/MTPHereToHelp/status/2042530500900684047,कार डिव्हायडरला धडकल्याने कर्नाक पोर्ट येथे दक्षिणेकडे जाणारी वाहतूक संथ गतीने सुरु आहे.   #MTPTrafficUpdate,Fri Apr 10 09:09:54 +0000 2026,0,2,3,0,False,False,General Traffic Alert,Other Landmark
2042508050511335489,https://x.com/MTPHereToHelp/status/2042508050511335489,वाहतूक सुरळीत सुरू झाली आहे.  Now Traffic Is Clear       #MTPTrafficUpdate,Fri Apr 10 07:40:41 +0000 2026,0,0,2,0,False,False,Traffic Cleared / Normal,Other Landmark
2042496154416660761,https://x.com/MTPHereToHelp/status/2042496154416660761,The action has been taken by Mahim Traffic Divison.,Fri Apr 10 06:53:25 +0000 2026,0,0,0,0,False,False,General Traffic Alert,South Mumbai
2042495636042629352,https://x.com/MTPHereToHelp/status/2042495636042629352,The action has been taken by Mankhurd Traffic Divison,Fri Apr 10 06:51:22 +0000 2026,0,0,0,0,False,False,General Traffic Alert,Extended Suburbs / Outskirts
2042493811964985564,https://x.com/MTPHereToHelp/status/2042493811964985564,"कारच्या बिघाडामुळे अंधेरी ब्रिज (सहार) येथे उत्तरेकडे जाणारी वाहतूक संथ गतीने सुरू आहे.
Traffic Movement Is Slow At Andheri Bridge ( Sahar ) North Bound Due To Car Breakdown.
 #MTPTrafficUpdate",Fri Apr 10 06:44:07 +0000 2026,0,1,2,0,False,False,Vehicle Breakdown,Western Suburbs (WEH Axis)
2042492862760366267,https://x.com/MTPHereToHelp/status/2042492862760366267,सदर वाहनावर दहिसर वाहतूक विभागामार्फत कारवाई करण्यात आलेली आहे,Fri Apr 10 06:40:20 +0000 2026,0,0,1,0,False,False,General Traffic Alert,Other Landmark
2042492297619869861,https://x.com/MTPHereToHelp/status/2042492297619869861,The action has been taken by Goregoan Traffic Divison,Fri Apr 10 06:38:06 +0000 2026,0,0,0,0,False,False,General Traffic Alert,Other Landmark
2042489712297066501,https://x.com/MTPHereToHelp/status/2042489712297066501,The action has been taken by Sahar Traffic Divison.,Fri Apr 10 06:27:49 +0000 2026,0,0,0,0,False,False,General Traffic Alert,Western Suburbs (WEH Axis)
2042489556558385648,https://x.com/MTPHereToHelp/status/2042489556558385648,The action has been taken by Sahar Traffic Divison.,Fri Apr 10 06:27:12 +0000 2026,0,0,0,0,False,False,General Traffic Alert,Western Suburbs (WEH Axis)
2042488794369400921,https://x.com/MTPHereToHelp/status/2042488794369400921,The action has been taken by Sahar Traffic Divison,Fri Apr 10 06:24:10 +0000 2026,0,0,0,0,False,False,General Traffic Alert,Western Suburbs (WEH Axis)
2042232820312293728,https://x.com/MTPHereToHelp/status/2042232820312293728,वाहतूक सुरळीत सुरू झाली आहे.  Now Traffic Is Clear       #MTPTrafficUpdate,Thu Apr 09 13:27:01 +0000 2026,0,0,0,0,False,False,Traffic Cleared / Normal,Other Landmark
2042232281436393485,https://x.com/MTPHereToHelp/status/2042232281436393485,वाहतूक सुरळीत सुरू झाली आहे.  Now Traffic Is Clear       #MTPTrafficUpdate,Thu Apr 09 13:24:53 +0000 2026,0,0,0,0,False,False,Traffic Cleared / Normal,Other Landmark
2042220826783777083,https://x.com/MTPHereToHelp/status/2042220826783777083,वाहतूक सुरळीत सुरू झाली आहे.  Now Traffic Is Clear       #MTPTrafficUpdate,Thu Apr 09 12:39:22 +0000 2026,0,0,0,0,False,False,Traffic Cleared / Normal,Other Landmark
2042194906207436847,https://x.com/MTPHereToHelp/status/2042194906207436847,"डंपर  बिघाडामुळे SCLR ब्रिज (चेंबूर) येथे दक्षिणेकडे जाणारी वाहतूक संथ गतीने सुरू आहे.
Traffic Movement Is Slow At SCLR Bridge (Chembur ) South Bound Due To Dumper Breakdown.
 #MTPTrafficUpdate",Thu Apr 09 10:56:22 +0000 2026,0,1,2,0,False,False,Vehicle Breakdown,Eastern Suburbs (EEH Axis)
2042190495439577541,https://x.com/MTPHereToHelp/status/2042190495439577541,"पिकअप व्हॅनच्या बिघाडामुळे शिंदेवाडी जंक्शन (भोईवाडा) येथे दक्षिणेकडे जाणारी वाहतूक संथ गतीने सुरू आहे.
Traffic Movement Is Slow At Shindewadi Junction  (Bhoiwada ) South Bound Due To Pick Up Van  Breakdown.
 #MTPTrafficUpdate",Thu Apr 09 10:38:50 +0000 2026,0,1,3,0,False,False,Vehicle Breakdown,Other Landmark
2042167393355743299,https://x.com/MTPHereToHelp/status/2042167393355743299,वाहतूक सुरळीत सुरू झाली आहे.  Now Traffic Is Clear       #MTPTrafficUpdate,Thu Apr 09 09:07:02 +0000 2026,0,0,0,0,False,False,Traffic Cleared / Normal,Other Landmark
2042159231428915443,https://x.com/MTPHereToHelp/status/2042159231428915443,वाहतूक सुरळीत सुरू झाली आहे.  Now Traffic Is Clear       #MTPTrafficUpdate,Thu Apr 09 08:34:36 +0000 2026,0,0,0,0,False,False,Traffic Cleared / Normal,Other Landmark
2042147426040213771,https://x.com/MTPHereToHelp/status/2042147426040213771,"HP टँकरच्या  बिघाडामुळे टर्नर रोड (वांद्रे) येथे उत्तरेकडे  जाणारी वाहतूक संथ गतीने सुरू आहे.
Traffic Movement Is Slow At Turner Road  (Bandra)  North  Bound Due To HP Tanker  Breakdown.
 #MTPTrafficUpdate",Thu Apr 09 07:47:42 +0000 2026,0,1,2,0,False,False,Vehicle Breakdown,Western Suburbs (WEH Axis)
2042139785507320032,https://x.com/MTPHereToHelp/status/2042139785507320032,"कारच्या बिघाडामुळे अंधेरी ब्रिज (सहार) येथे दक्षिणेकडे जाणारी वाहतूक संथ गतीने सुरू आहे.
Traffic Movement Is Slow At Andheri Bridge ( Sahar ) South Bound Due To Car Breakdown.
 #MTPTrafficUpdate",Thu Apr 09 07:17:20 +0000 2026,0,1,0,0,False,False,Vehicle Breakdown,Western Suburbs (WEH Axis)
2042138955362267560,https://x.com/MTPHereToHelp/status/2042138955362267560,वाहतूक सुरळीत सुरू झाली आहे.  Now Traffic Is Clear       #MTPTrafficUpdate,Thu Apr 09 07:14:02 +0000 2026,0,0,1,0,False,False,Traffic Cleared / Normal,Other Landmark
2042137922321969188,https://x.com/MTPHereToHelp/status/2042137922321969188,"जेसीबी बिघाडामुळे कलानगर पुल (बीकेसी ) येथे दक्षिणेकडे जाणारी वाहतूक संथ गतीने सुरू आहे.
Traffic Movement Is Slow At Kalanagar Bridge ( BKC ) South Bound Due To JCB Breakdown.
 #MTPTrafficUpdate",Thu Apr 09 07:09:56 +0000 2026,0,1,2,0,False,False,Vehicle Breakdown,BKC Business District
2042127096588460170,https://x.com/MTPHereToHelp/status/2042127096588460170,"कारच्या बिघाडामुळे अंधेरी पूल (सहार) येथे दक्षिणेकडे जाणारी वाहतूक संथ गतीने सुरू आहे.
Traffic Movement Is Slow At Andheri Bridge (Sahar) South Bound Due To Car Breakdown.
 #MTPTrafficUpdate",Thu Apr 09 06:26:55 +0000 2026,0,1,1,0,False,False,Vehicle Breakdown,Western Suburbs (WEH Axis)
2042118815023264237,https://x.com/MTPHereToHelp/status/2042118815023264237,वाहतूक सुरळीत सुरू झाली आहे.  Now Traffic Is Clear       #MTPTrafficUpdate,Thu Apr 09 05:54:00 +0000 2026,0,0,1,0,False,False,Traffic Cleared / Normal,Other Landmark
2042116082950139928,https://x.com/MTPHereToHelp/status/2042116082950139928,"कार अपघातामुळे पोल क्रमांक 352 ईस्टर्न फ्रीवे ( वडाळा ) येथे उत्तरेकडे जाणारी वाहतूक संथ गतीने सुरू आहे.
Traffic Movement Is Slow At Poll No. 352 Eastern Freeway ( Wadala ) North Bound Due To Car Accident.
 #MTPTrafficUpdate",Thu Apr 09 05:43:09 +0000 2026,0,1,3,0,False,False,Accident,Other Landmark
2042091803533521063,https://x.com/MTPHereToHelp/status/2042091803533521063,"No 'Hooligans' allowed on road. 
Remember there's no 2.0 to life.

सगळेच कमबॅक सुखावह नसतात!

काही ठिकाणी सुरक्षेला प्राधान्य देणे आवश्यक असते.

#ComebackHomeSafe https://t.co/QucuVcbogV",Thu Apr 09 04:06:40 +0000 2026,10,8,29,3,False,False,General Traffic Alert,Other Landmark
2042079529095823430,https://x.com/MTPHereToHelp/status/2042079529095823430,वाहतूक सुरळीत सुरू झाली आहे.  Now Traffic Is Clear       #MTPTrafficUpdate,Thu Apr 09 03:17:54 +0000 2026,0,0,2,0,False,False,Traffic Cleared / Normal,Other Landmark
2042072669051662822,https://x.com/MTPHereToHelp/status/2042072669051662822,"डंपरच्या बिघाडामुळे टाइम्स ऑफ इंडिया ब्रिज (दिंडोशी) येथे उत्तरेकडे जाणारी वाहतूक संथ गतीने सुरू आहे.
Traffic Movement Is Slow At Times of india Bridge (Dindoshi ) North Bound  Due To Dumper  Breakdown.
 #MTPTrafficUpdate",Thu Apr 09 02:50:38 +0000 2026,1,1,6,0,False,False,Vehicle Breakdown,Other Landmark
2041956771175239900,https://x.com/MTPHereToHelp/status/2041956771175239900,वाहतूक सुरळीत सुरू झाली आहे.  Now Traffic Is Clear       #MTPTrafficUpdate,Wed Apr 08 19:10:06 +0000 2026,0,0,0,0,False,False,Traffic Cleared / Normal,Other Landmark
2041868269725077533,https://x.com/MTPHereToHelp/status/2041868269725077533,"कोपरी ब्रिज (ठाणे) या ठिकाणी  क्रेन अपघात झाल्याने दक्षिण वाहिनी व उत्तर वाहिनी कडे जाणारी वाहतूक संथ गतीने सुरू आहे.
#MTPTrafficUpdate",Wed Apr 08 13:18:26 +0000 2026,2,2,3,0,False,False,General Traffic Alert,Other Landmark
2041856015952662989,https://x.com/MTPHereToHelp/status/2041856015952662989,वाहतूक सुरळीत सुरू झाली आहे.  Now Traffic Is Clear       #MTPTrafficUpdate,Wed Apr 08 12:29:44 +0000 2026,0,0,0,0,False,False,Traffic Cleared / Normal,Other Landmark
2041822458140094711,https://x.com/MTPHereToHelp/status/2041822458140094711,वाहतूक सुरळीत सुरू झाली आहे.  Now Traffic Is Clear       #MTPTrafficUpdate,Wed Apr 08 10:16:23 +0000 2026,0,0,0,0,False,False,Traffic Cleared / Normal,Other Landmark
2041819654868595176,https://x.com/MTPHereToHelp/status/2041819654868595176,"टेम्पोच्या बिघाडामुळे कुलपवाडी पुल (दहिसर) येथे उत्तरेकडे जाणारी वाहतूक संथ गतीने सुरू आहे.
Traffic Movement Is Slow At Kulupwadi Bridge (Dahisar) North Bound Due ToTempo Breakdown.
 #MTPTrafficUpdate",Wed Apr 08 10:05:15 +0000 2026,0,1,3,0,False,False,Vehicle Breakdown,Western Suburbs (WEH Axis)
2041791103817675244,https://x.com/MTPHereToHelp/status/2041791103817675244,वाहतूक सुरळीत सुरू झाली आहे.  Now Traffic Is Clear       #MTPTrafficUpdate,Wed Apr 08 08:11:48 +0000 2026,0,0,0,0,False,False,Traffic Cleared / Normal,Other Landmark
2041782043634495530,https://x.com/MTPHereToHelp/status/2041782043634495530,वाहतूक सुरळीत सुरू झाली आहे.  Now Traffic Is Clear       #MTPTrafficUpdate,Wed Apr 08 07:35:48 +0000 2026,0,0,0,0,False,False,Traffic Cleared / Normal,Other Landmark
2041778239912472789,https://x.com/MTPHereToHelp/status/2041778239912472789,"आग लागल्यामुळे एम.के.रोड (आझाद मैदान) येथे दक्षिणेकडे जाणारी वाहतूक संथ गतीने सुरू आहे.
Traffic Movement Is Slow At M.K.Road (Azad Maidan) South Bound Due To Fire.
 #MTPTrafficUpdate",Wed Apr 08 07:20:41 +0000 2026,0,1,1,0,False,False,Fire Hazard,Other Landmark
2041765518655590848,https://x.com/MTPHereToHelp/status/2041765518655590848,"बीएमसी क्लीनअपच्या बिघाडामुळे सायन हॉस्पिटल गेट नंबर-08 (माटुंगा) येथे उत्तरेकडे जाणारी वाहतूक संथ गतीने सुरू आहे.
Traffic Movement Is Slow At Sion Hospital Gate No-08 (Matunga) North Bound Due To BMC Clean-up Breakdown.
 #MTPTrafficUpdate",Wed Apr 08 06:30:08 +0000 2026,0,2,4,0,False,False,Vehicle Breakdown,Eastern Suburbs (EEH Axis)
2041763653528305955,https://x.com/MTPHereToHelp/status/2041763653528305955,"बेस्ट बसच्या बिघाडामुळे नागपाडा जंक्शन येथे दक्षिणेकडे जाणारी वाहतूक संथ गतीने सुरू आहे.
Traffic Movement Is Slow At Nagpada Juction  South Bound Due To BEST Bus Breakdown.
 #MTPTrafficUpdate",Wed Apr 08 06:22:43 +0000 2026,0,1,0,0,False,False,Vehicle Breakdown,Other Landmark
2041759716846776395,https://x.com/MTPHereToHelp/status/2041759716846776395,वाहतूक सुरळीत सुरू झाली आहे.  Now Traffic Is Clear       #MTPTrafficUpdate,Wed Apr 08 06:07:05 +0000 2026,0,0,0,0,False,False,Traffic Cleared / Normal,Other Landmark
2041759534327460254,https://x.com/MTPHereToHelp/status/2041759534327460254,वाहतूक सुरळीत सुरू झाली आहे.  Now Traffic Is Clear       #MTPTrafficUpdate,Wed Apr 08 06:06:21 +0000 2026,0,0,0,0,False,False,Traffic Cleared / Normal,Other Landmark
2041750648853815629,https://x.com/MTPHereToHelp/status/2041750648853815629,"पाण्याचा टँकर बिघाडामुळे किंग सर्कल (माटुंगा) येथे उत्तरेकडे जाणारी वाहतूक संथ गतीने सुरू आहे.
Traffic Movement Is Slow At King Circle (Matunga) North Bound Due To Water Tanker Breakdown.
 #MTPTrafficUpdate",Wed Apr 08 05:31:03 +0000 2026,0,1,2,0,False,False,Vehicle Breakdown,Other Landmark
2041725674218778870,https://x.com/MTPHereToHelp/status/2041725674218778870,"बेस्ट बसच्या बिघाडामुळे वाडिया हॉस्पिटल गेट क्रमांक- ०४ (भोईवाडा) येथे दक्षिणेकडे जाणारी वाहतूक संथ गतीने सुरू आहे.
Traffic Movement Is Slow At Wadiya Hospital Gate No- 04 (Bhoiwada) South Bound Due To BEST Bus Breakdown.
 #MTPTrafficUpdate",Wed Apr 08 03:51:48 +0000 2026,0,1,4,0,False,False,Vehicle Breakdown,Other Landmark
2041717749337223583,https://x.com/MTPHereToHelp/status/2041717749337223583,वाहतूक सुरळीत सुरू झाली आहे.  Now Traffic Is Clear       #MTPTrafficUpdate,Wed Apr 08 03:20:19 +0000 2026,0,0,0,0,False,False,Traffic Cleared / Normal,Other Landmark
2041712813148930372,https://x.com/MTPHereToHelp/status/2041712813148930372,वाहतूक सुरळीत सुरू झाली आहे.  Now Traffic Is Clear       #MTPTrafficUpdate,Wed Apr 08 03:00:42 +0000 2026,0,0,2,0,False,False,Traffic Cleared / Normal,Other Landmark
2041710518705254876,https://x.com/MTPHereToHelp/status/2041710518705254876,"कारच्या बिघाडामुळे आरे पूल (दिंडोशी) येथे उत्तरेकडे जाणारी वाहतूक संथ गतीने सुरू आहे.
Traffic Movement Is Slow At AareyBridge (Dindoshi) North Bound  Due To Car Breakdown.
 #MTPTrafficUpdate",Wed Apr 08 02:51:35 +0000 2026,0,1,4,0,False,False,Vehicle Breakdown,Other Landmark
2041702949299351902,https://x.com/MTPHereToHelp/status/2041702949299351902,"टँकर बिघाडामुळे रमाबाई पूल (विक्रोळी) येथे दक्षिणेकडे जाणारी वाहतूक संथ गतीने सुरू आहे.
Traffic Movement Is Slow At Ramabai Bridge (Vikroli) South Bound  Due To Tanker Breakdown.
 #MTPTrafficUpdate",Wed Apr 08 02:21:30 +0000 2026,0,1,4,0,False,False,Vehicle Breakdown,Other Landmark
2041356320473821316,https://x.com/MTPHereToHelp/status/2041356320473821316,वाहतूक सुरळीत सुरू झाली आहे.  Now Traffic Is Clear       #MTPTrafficUpdate,Tue Apr 07 03:24:08 +0000 2026,0,1,2,0,False,False,Traffic Cleared / Normal,Other Landmark
2041347456643035475,https://x.com/MTPHereToHelp/status/2041347456643035475,"बेस्ट बसचा टायर फुटल्याने टिळक पुल (माटुंगा) येथे दक्षिणेकडील जाणारी वाहतूक संथ गतीने सुरू आहे.
Traffic Movement Is Slow At Tilak Bridge (Matunga) South Bound Due To BEST Bus  Tyer Burst .
 #MTPTrafficUpdate",Tue Apr 07 02:48:54 +0000 2026,0,2,8,0,False,False,VIP / Security Movement,Other Landmark
2041031212941341145,https://x.com/MTPHereToHelp/status/2041031212941341145,"आणि वाशी चेकनाका मुंबई येथे १०.३९ वा. सुरळीत पोहोचली.सदरची मोमेंट २४ किलोमीटर २९ मिनिटात पार पडली.
#MTPTrafficUpdate",Mon Apr 06 05:52:16 +0000 2026,0,0,5,0,False,False,General Traffic Alert,Other Landmark
2041031189243511007,https://x.com/MTPHereToHelp/status/2041031189243511007,"ग्रीन कॉरिडोर मुव्हमेंट, 
रुग्ण- डॉ. राजेश गाडिया  वय - ६१
कोकिळाबेन हॉस्पिटल ते संचिती हॉस्पिटल  पुणे अशी  ग्रीन कॉरिडोर मुव्हमेंट कोकिळाबेन हॉस्पिटल अंधेरी पश्चिम येथून दि. ०६/०४/२०२६ रोजी १०.१० वा. सुरू झाली",Mon Apr 06 05:52:10 +0000 2026,0,2,5,0,False,False,General Traffic Alert,Other Landmark
2040777103273308307,https://x.com/MTPHereToHelp/status/2040777103273308307,The action has been taken by Mankhurd Traffic Divison,Sun Apr 05 13:02:31 +0000 2026,0,1,1,0,False,False,General Traffic Alert,Extended Suburbs / Outskirts
2040586491160904178,https://x.com/MTPHereToHelp/status/2040586491160904178,वाहतूक सुरळीत सुरू झाली आहे.  Now Traffic Is Clear       #MTPTrafficUpdate,Sun Apr 05 00:25:06 +0000 2026,0,3,3,0,False,False,Traffic Cleared / Normal,Other Landmark
2040584849174696381,https://x.com/MTPHereToHelp/status/2040584849174696381,"कार अपघातामुळे अरोरा पूल (माटुंगा) येथे दक्षिणेकडे जाणारी वाहतूक संथ गतीने सुरू आहे.
Traffic Movement Is Slow At Arora Bridge (Matunga) South Bound Due To Car Accident.
 #MTPTrafficUpdate",Sun Apr 05 00:18:34 +0000 2026,0,1,5,0,False,False,Accident,Other Landmark
2040071609307037829,https://x.com/MTPHereToHelp/status/2040071609307037829,वाहतूक सुरळीत सुरू झाली आहे.  Now Traffic Is Clear       #MTPTrafficUpdate,Fri Apr 03 14:19:09 +0000 2026,0,0,0,0,False,False,Traffic Cleared / Normal,Other Landmark
2040059795701711181,https://x.com/MTPHereToHelp/status/2040059795701711181,वाहतूक सुरळीत सुरू झाली आहे.  Now Traffic Is Clear       #MTPTrafficUpdate,Fri Apr 03 13:32:12 +0000 2026,0,0,0,0,False,False,Traffic Cleared / Normal,Other Landmark
2040055129827885134,https://x.com/MTPHereToHelp/status/2040055129827885134,"बेस्ट बसच्या बिघाडामुळे NTPC जंक्शन JVLR (साकीनाका) येथे उत्तरेकडे जाणारी वाहतूक संथ गतीने सुरू आहे.
Traffic Movement Is Slow At NTPC Junction JVLR (Sakinaka) North Bound Due To BEST Bus Breakdown.
 #MTPTrafficUpdate",Fri Apr 03 13:13:39 +0000 2026,0,2,5,0,False,False,Vehicle Breakdown,JVLR Corridor
2040046690867286524,https://x.com/MTPHereToHelp/status/2040046690867286524,"बसच्या बिघाडामुळे कौटुंबिक न्यायालय (BKC) येथे दक्षिणेकडे जाणारी वाहतूक संथ गतीने सुरू आहे.
Traffic Movement Is Slow At Family Court (BKC) South Bound  Due To  Bus Breakdown.
 #MTPTrafficUpdate",Fri Apr 03 12:40:07 +0000 2026,1,3,7,0,False,False,Vehicle Breakdown,BKC Business District
2040003615092604963,https://x.com/MTPHereToHelp/status/2040003615092604963,"ग्रीन कॉरिडोर मुव्हमेंट, 
ORGAN -HEART 
रहेजा हॉस्पिटल माहीम येथून दि.०३/०४/२०२६ रोजी १४.३० वा. सुरू झाली आणि फोर्टीज हॉस्पिटल, मुलुंड मुंबई येथे १४.५३ वा. सुरळीत पोहोचली.
सदरची मोमेंट २३ किलोमीटर २३ मिनिटात पार पडली.
 #MTPTrafficUpdate",Fri Apr 03 09:48:57 +0000 2026,3,3,21,0,False,False,General Traffic Alert,Other Landmark
2039921228333580580,https://x.com/MTPHereToHelp/status/2039921228333580580,वाहतूक सुरळीत सुरू झाली आहे.  Now Traffic Is Clear       #MTPTrafficUpdate,Fri Apr 03 04:21:35 +0000 2026,0,0,0,0,False,False,Traffic Cleared / Normal,Other Landmark
2039902214576333120,https://x.com/MTPHereToHelp/status/2039902214576333120,वाहतूक सुरळीत सुरू झाली आहे.  Now Traffic Is Clear       #MTPTrafficUpdate,Fri Apr 03 03:06:02 +0000 2026,0,1,1,0,False,False,Traffic Cleared / Normal,Other Landmark
2039898341342085399,https://x.com/MTPHereToHelp/status/2039898341342085399,"डंपरच्या बिघाडामुळे पठाणवाडी पूल (दिंडोशी) येथे उत्तरेकडे जाणारी वाहतूक संथ गतीने सुरू आहे.
Traffic Movement Is Slow At Pathanwadi Bridge (Dindoshi ) North Bound  Due To Dumper  Breakdown.
 #MTPTrafficUpdate",Fri Apr 03 02:50:38 +0000 2026,1,1,4,0,False,False,Vehicle Breakdown,Other Landmark
2039895851418689536,https://x.com/MTPHereToHelp/status/2039895851418689536,"बेस्ट बसच्या बिघाडामुळे जरीमरी (साकीनाका) येथे जाणारी वाहतूक संथ गतीने सुरू आहे.
Traffic Movement Is Slow At Jarimari (Sakinaka) Due To BEST Bus Breakdown.
 #MTPTrafficUpdate",Fri Apr 03 02:40:45 +0000 2026,0,2,3,0,False,False,Vehicle Breakdown,Extended Suburbs / Outskirts
2039655080304263372,https://x.com/MTPHereToHelp/status/2039655080304263372,वाहतूक सुरळीत सुरू झाली आहे.  Now Traffic Is Clear       #MTPTrafficUpdate,Thu Apr 02 10:44:00 +0000 2026,0,0,1,0,False,False,Traffic Cleared / Normal,Other Landmark
2039643671482822796,https://x.com/MTPHereToHelp/status/2039643671482822796,"वाहनांच्या अपघातामुळे अंधेरी पूल (सहार) येथे दक्षिणेकडे जाणारी वाहतूक संथ गतीने सुरू आहे.
Traffic Movement Is Slow At Andheri  Bridge (Sahar) South  Bound  Due To Accident Between Vehicles.
 #MTPTrafficUpdate",Thu Apr 02 09:58:40 +0000 2026,1,2,5,0,False,False,Accident,Western Suburbs (WEH Axis)
2039592475845861579,https://x.com/MTPHereToHelp/status/2039592475845861579,वाहतूक सुरळीत सुरू झाली आहे.  Now Traffic Is Clear       #MTPTrafficUpdate,Thu Apr 02 06:35:14 +0000 2026,0,0,0,0,False,False,Traffic Cleared / Normal,Other Landmark
2039571770571932130,https://x.com/MTPHereToHelp/status/2039571770571932130,"बेस्ट बसच्या बिघाडामुळे लिंकिंग रोड सांताक्रूझ (रस्ता क्र.10) येथे दक्षिणेकडे जाणारी वाहतूक संथ गतीने सुरू आहे.
Traffic Movement Is Slow At Linking Road Santacruz (Road No.10) South Bound Due To BEST Bus Breakdown.
 #MTPTrafficUpdate",Thu Apr 02 05:12:58 +0000 2026,0,1,3,0,False,False,Vehicle Breakdown,Western Suburbs (WEH Axis)
2039558834008826335,https://x.com/MTPHereToHelp/status/2039558834008826335,वाहतूक सुरळीत सुरू झाली आहे.  Now Traffic Is Clear       #MTPTrafficUpdate,Thu Apr 02 04:21:33 +0000 2026,0,0,0,0,False,False,Traffic Cleared / Normal,Other Landmark
2039558374090825743,https://x.com/MTPHereToHelp/status/2039558374090825743,वाहतूक सुरळीत सुरू झाली आहे.  Now Traffic Is Clear       #MTPTrafficUpdate,Thu Apr 02 04:19:44 +0000 2026,0,0,0,0,False,False,Traffic Cleared / Normal,Other Landmark
2039558244566491578,https://x.com/MTPHereToHelp/status/2039558244566491578,"कारच्या बिघाडामुळे ईस्टर्न फ्रीवे पोल क्र. २१ येथे दक्षिणेकडे जाणारी वाहतूक संथ गतीने सुरू आहे.
Traffic Movement Is Slow At Eastern FWY Pole No.21   South  Bound  Due To Car  Breakdown.
 #MTPTrafficUpdate",Thu Apr 02 04:19:13 +0000 2026,0,1,2,0,False,False,Vehicle Breakdown,Other Landmark
2039551780212924903,https://x.com/MTPHereToHelp/status/2039551780212924903,"बेस्ट बसच्या बिघाडामुळे कलानगर (बीकेसी) येथे दक्षिणेकडे जाणारी वाहतूक संथ गतीने सुरू आहे.
Traffic Movement Is Slow At Kalanagar (BKC ) South  Bound  Due To BEST Bus Breakdown.
 #MTPTrafficUpdate",Thu Apr 02 03:53:32 +0000 2026,0,2,1,0,False,False,Vehicle Breakdown,BKC Business District
2039373116808552725,https://x.com/MTPHereToHelp/status/2039373116808552725,सदर वाहनावर डी बी मार्ग  वाहतूक विभागामार्फत कारवाई करण्यात आली आहे .,Wed Apr 01 16:03:35 +0000 2026,0,0,0,0,False,False,General Traffic Alert,Other Landmark
2039371599741431849,https://x.com/MTPHereToHelp/status/2039371599741431849,The action has been taken by Dindoshi Traffic Divison,Wed Apr 01 15:57:33 +0000 2026,0,0,0,1,False,False,General Traffic Alert,Other Landmark
2039346550573588731,https://x.com/MTPHereToHelp/status/2039346550573588731,वाहतूक सुरळीत सुरू झाली आहे.  Now Traffic Is Clear       #MTPTrafficUpdate,Wed Apr 01 14:18:01 +0000 2026,0,0,2,0,False,False,Traffic Cleared / Normal,Other Landmark
2039338394778792020,https://x.com/MTPHereToHelp/status/2039338394778792020,"कारच्या बिघाडामुळे आरे पुल (दिंडोशी) येथे उत्तरेकडे जाणारी वाहतूक संथ गतीने सुरू आहे.
Traffic Movement Is Slow At Arey Bridge (Dindoshi) North Bound  Due To Car Breakdown.
 #MTPTrafficUpdate",Wed Apr 01 13:45:37 +0000 2026,0,3,2,0,False,False,Vehicle Breakdown,Other Landmark
2039045092301009243,https://x.com/MTPHereToHelp/status/2039045092301009243,वाहतूक सुरळीत सुरू झाली आहे.  Now Traffic Is Clear       #MTPTrafficUpdate,Tue Mar 31 18:20:08 +0000 2026,0,1,1,0,False,False,Traffic Cleared / Normal,Other Landmark
2039013460751872303,https://x.com/MTPHereToHelp/status/2039013460751872303,The action has been taken by Oshiwara Traffic Divison,Tue Mar 31 16:14:26 +0000 2026,0,0,1,0,False,False,General Traffic Alert,Other Landmark
2039003187395334485,https://x.com/MTPHereToHelp/status/2039003187395334485,"बेस्ट बसच्या बिघाडामुळे मक्कावाडी (अँटॉप हिल ) येथे दक्षिणेकडे जाणारी वाहतूक संथ गतीने सुरू आहे.
Traffic Movement Is Slow At Makkawadi (Antop hill) South Bound Due To BEST Bus Breakdown.
 #MTPTrafficUpdate",Tue Mar 31 15:33:37 +0000 2026,0,2,5,0,False,False,Vehicle Breakdown,Other Landmark
2038973468717506562,https://x.com/MTPHereToHelp/status/2038973468717506562,वाहतूक सुरळीत सुरू झाली आहे.  Now Traffic Is Clear       #MTPTrafficUpdate,Tue Mar 31 13:35:31 +0000 2026,0,0,0,0,False,False,Traffic Cleared / Normal,Other Landmark
2038962903282557403,https://x.com/MTPHereToHelp/status/2038962903282557403,"ऑईल टँकरच्या  बिघाडामुळे  ऐरोली पुल (कांजूरमार्ग) येथे उत्तरेकडे जाणारी  वाहतूक संथ गतीने सुरू आहे..
Traffic Movement Is Slow At Airoli Bridge (Kanjurmarg) North Bound Due To Oil Tenker  breakdown 
 #MTPTrafficUpdate",Tue Mar 31 12:53:32 +0000 2026,0,1,2,0,False,False,Vehicle Breakdown,Eastern Suburbs (EEH Axis)
2038752157365911836,https://x.com/MTPHereToHelp/status/2038752157365911836,वाहतूक सुरळीत सुरू झाली आहे.  Now Traffic Is Clear       #MTPTrafficUpdate,Mon Mar 30 22:56:07 +0000 2026,0,0,0,0,False,False,Traffic Cleared / Normal,Other Landmark
2038714171207074168,https://x.com/MTPHereToHelp/status/2038714171207074168,"ट्रक दुभाजकावर धडकल्यामुळे  ऐरोली पुल (कांजूर मार्ग) येथे उत्तरेकडे जाणारी वाहतूक संथ गतीने सुरू आहे.
Traffic Movement Is Slow At Airoli  Bridge  (Kanjur Marg ) North  Bound Due To Truck Dash on Divider. 
 #MTPTrafficUpdate",Mon Mar 30 20:25:10 +0000 2026,0,2,6,0,False,False,VIP / Security Movement,Other Landmark
2038515880255238269,https://x.com/MTPHereToHelp/status/2038515880255238269,वाहतूक सुरळीत सुरू झाली आहे.  Now Traffic Is Clear       #MTPTrafficUpdate,Mon Mar 30 07:17:14 +0000 2026,0,0,1,0,False,False,Traffic Cleared / Normal,Other Landmark
2038508683014074448,https://x.com/MTPHereToHelp/status/2038508683014074448,The action has been taken by Jogeshwari Traffic Divison,Mon Mar 30 06:48:38 +0000 2026,0,0,0,0,False,False,General Traffic Alert,Western Suburbs (WEH Axis)
2038508049804230662,https://x.com/MTPHereToHelp/status/2038508049804230662,The action has been taken by Mankhurd Traffic Divison,Mon Mar 30 06:46:07 +0000 2026,0,0,0,0,False,False,General Traffic Alert,Extended Suburbs / Outskirts
2038507779632353516,https://x.com/MTPHereToHelp/status/2038507779632353516,The action has been taken by Byculla Traffic Divison,Mon Mar 30 06:45:02 +0000 2026,0,0,0,0,False,False,General Traffic Alert,South Mumbai
2038506369633128626,https://x.com/MTPHereToHelp/status/2038506369633128626,"टेम्पोच्या बिघाडामुळे J.V.L.R ब्रिज (जोगेश्वरी)येथील दक्षिणेकडे जाणारी वाहतूक संथ गतीने सुरू आहे.
Traffic Movement Is Slow At J.V.L.R Bridge (Jogeshwari) South Bound Due To Tempo Breakdown.
 #MTPTrafficUpdate",Mon Mar 30 06:39:26 +0000 2026,0,1,2,0,False,False,Vehicle Breakdown,Western Suburbs (WEH Axis)
2038481976869753004,https://x.com/MTPHereToHelp/status/2038481976869753004,वाहतूक सुरळीत सुरू झाली आहे.  Now Traffic Is Clear       #MTPTrafficUpdate,Mon Mar 30 05:02:31 +0000 2026,0,0,0,0,False,False,Traffic Cleared / Normal,Other Landmark
2038479499374039192,https://x.com/MTPHereToHelp/status/2038479499374039192,"कारच्या बिघाडामुळे बीकेसी कनेक्टर येथे उत्तरेकडे जाणारी वाहतूक संथ गतीने सुरू आहे.
Traffic Movement Is Slow At BKC Connector North Bound  Due To Car Breakdown.
 #MTPTrafficUpdate",Mon Mar 30 04:52:40 +0000 2026,1,1,3,0,False,False,Vehicle Breakdown,BKC Business District
2038424369832292837,https://x.com/MTPHereToHelp/status/2038424369832292837,वाहतूक सुरळीत सुरू झाली आहे.  Now Traffic Is Clear       #MTPTrafficUpdate,Mon Mar 30 01:13:36 +0000 2026,0,0,1,0,False,False,Traffic Cleared / Normal,Other Landmark
2038281602300883367,https://x.com/MTPHereToHelp/status/2038281602300883367,"मुंबई वाहतूक पोलिसांनी एका दिवसात मुंबईतील चारही दिशांना विविध रुग्णालयांदरम्यान चार अत्यंत महत्त्वाचे ग्रीन कॉरिडॉर तयार केले. ज्यामुळे मानवी अवयवांची जलद आणि सुरक्षित वाहतूक शक्य झाली.या प्रक्रियेत १ किमी अंतर फक्त ५० सेकंदांत पार करून पोलिसांनी उत्कृष्ट समन्वय, अचूकता दर्शवली https://t.co/27Ev3SjBCS",Sun Mar 29 15:46:18 +0000 2026,5,1,11,0,False,False,General Traffic Alert,Other Landmark
2038281496570786029,https://x.com/MTPHereToHelp/status/2038281496570786029,"Mumbai Traffic Police enabled 4 green corridors across South, Central, East &amp; West Mumbai in a single day, ensuring swift organ transfers at 1 km in 50 seconds, powered by precision, coordination, and commitment to saving lives.

#MTPGreenCorridor https://t.co/2ApViRW8DD",Sun Mar 29 15:45:52 +0000 2026,4,2,46,1,False,False,General Traffic Alert,Eastern Suburbs (EEH Axis)
2038233752074420419,https://x.com/MTPHereToHelp/status/2038233752074420419,वाहतूक सुरळीत सुरू झाली आहे.  Now Traffic Is Clear       #MTPTrafficUpdate,Sun Mar 29 12:36:09 +0000 2026,0,0,0,0,False,False,Traffic Cleared / Normal,Other Landmark
2038215185996116005,https://x.com/MTPHereToHelp/status/2038215185996116005,"कारच्या बिघाडामुळे तुळपुले ब्रिज (माटुंगा) येथे दक्षिणेकडे जाणारी वाहतूक संथ गतीने सुरू आहे.
Traffic Movement Is Slow At Sion Tulpule Bridge (Matunga) South Bound  Due To Car Breakdown.
 #MTPTrafficUpdate",Sun Mar 29 11:22:23 +0000 2026,0,1,5,0,False,False,Vehicle Breakdown,Eastern Suburbs (EEH Axis)
2037727131246240184,https://x.com/MTPHereToHelp/status/2037727131246240184,"पाण्याच्या पाईप लाईन बीएमसीच्या कामामुळे लकी जंक्शन (वांद्रे) येथील दक्षिणेकडे जाणारी वाहतूक संथ गतीने सुरु आहे.
Traffic Movement Is Slow At Lucky Junction (Bandra) South Bound Due To Water Pipe Line BMC Work.
 #MTPTrafficUpdate",Sat Mar 28 03:03:01 +0000 2026,0,1,2,0,False,False,VIP / Security Movement,Western Suburbs (WEH Axis)
